日期,开盘,收盘,最高,最低,成交量
2015-01-05,7.94,7.96,8.14,7.67,2860436
2015-01-06,7.85,7.8,8.22,7.64,2166421
2015-01-07,7.64,7.59,7.83,7.46,1700121
2015-01-08,7.6,7.23,7.65,7.19,1407714
2015-01-09,7.19,7.31,7.86,7.05,2508500
2015-01-12,7.17,7.1,7.29,6.91,1553291
2015-01-13,7.01,7.03,7.19,6.98,816875
2015-01-14,7.1,7.12,7.39,7.05,1263030
2015-01-15,7.15,7.5,7.5,7.05,1242170
2015-01-16,7.53,7.51,7.69,7.38,1555846
2015-01-19,6.57,6.44,6.96,6.44,2137124
2015-01-20,6.44,6.44,6.6,6.26,1491018
2015-01-21,6.48,6.85,6.98,6.39,1940530
2015-01-22,6.8,6.77,6.92,6.67,1255016
2015-01-23,6.81,6.84,7.0,6.77,1459182
2015-01-26,6.81,6.8,6.87,6.67,1057606
2015-01-27,6.8,6.55,6.82,6.44,1339495
2015-01-28,6.47,6.6,6.77,6.42,1240878
2015-01-29,6.44,6.49,6.57,6.39,1016753
2015-01-30,6.51,6.51,6.64,6.39,930117
2015-02-02,6.28,6.3,6.42,6.25,860932
2015-02-03,6.41,6.53,6.55,6.3,883349
2015-02-04,6.56,6.36,6.59,6.35,807623
2015-02-05,6.77,6.42,6.86,6.39,1913729
2015-02-06,6.35,6.22,6.53,6.14,1030409
2015-02-09,6.21,6.23,6.34,6.02,946586
2015-02-10,6.21,6.4,6.44,6.16,724875
2015-02-11,6.41,6.37,6.46,6.34,554350
2015-02-12,6.39,6.46,6.49,6.3,608716
2015-02-13,6.51,6.53,6.69,6.45,887743
2015-02-16,6.53,6.51,6.57,6.37,721202
2015-02-17,6.53,6.55,6.64,6.51,680492
2015-02-25,6.59,6.42,6.6,6.39,577392
2015-02-26,6.42,6.61,6.62,6.28,1025544
2015-02-27,6.6,6.55,6.67,6.53,793570
2015-03-02,6.58,6.58,6.62,6.47,1018797
2015-03-03,6.55,6.28,6.55,6.28,1059476
2015-03-04,6.3,6.26,6.37,6.21,814973
2015-03-05,6.21,6.13,6.23,6.07,828605
2015-03-06,6.12,6.17,6.22,6.11,557048
2015-03-09,6.19,6.67,6.8,6.09,2205324
2015-03-10,6.56,6.4,6.64,6.4,1385706
2015-03-11,6.42,6.46,6.62,6.42,903354
2015-03-12,6.7,6.98,7.23,6.62,3305137
2015-03-13,7.19,7.25,7.68,7.12,3163988
2015-03-16,7.32,7.54,7.6,7.2,2218472
2015-03-17,7.61,7.53,7.81,7.43,1959842
2015-03-18,7.51,7.61,7.66,7.46,1831001
2015-03-19,7.59,7.39,7.59,7.34,1580300
2015-03-20,7.39,7.48,7.64,7.3,1976394
2015-03-23,7.48,7.55,7.64,7.48,1782056
2015-03-24,7.55,7.5,7.67,7.41,1559193
2015-03-25,7.45,7.19,7.48,7.18,1591468
2015-03-26,7.16,7.33,7.55,7.05,1487892
2015-03-27,7.32,7.31,7.46,7.16,1047639
2015-03-30,7.42,7.71,7.91,7.32,2582614
2015-03-31,7.98,7.78,8.37,7.69,2733183
2015-04-01,7.82,7.92,8.05,7.64,1643316
2015-04-02,8.01,7.81,8.05,7.69,1405837
2015-04-03,7.74,7.85,7.91,7.68,1434941
2015-04-07,8.05,8.51,8.62,8.05,2960472
2015-04-08,8.6,9.28,9.39,8.4,3371646
2015-04-09,9.3,9.34,10.07,9.15,3173063
2015-04-10,9.34,10.59,10.59,9.23,3340210
2015-04-13,11.13,10.74,11.26,10.42,4807153
2015-04-14,10.71,10.54,10.71,10.38,2472375
2015-04-15,10.54,10.83,11.36,10.38,3417642
2015-04-16,10.58,11.13,11.21,10.5,2467407
2015-04-17,11.54,11.07,11.54,10.96,2609523
2015-04-20,11.21,10.54,11.29,10.43,3447257
2015-04-21,10.56,10.76,10.88,10.28,2415937
2015-04-22,10.78,11.08,11.11,10.71,2773142
2015-04-23,11.11,10.84,11.16,10.76,2319688
2015-04-24,10.54,10.41,10.72,10.3,2442837
2015-04-27,10.47,10.64,10.79,10.46,2460564
2015-04-28,10.67,10.88,11.44,10.48,4763544
2015-04-29,10.84,10.83,10.92,10.46,2151188
2015-04-30,10.98,10.88,11.34,10.86,2890635
2015-05-04,10.88,10.73,10.88,10.53,1427575
2015-05-05,10.63,10.18,10.73,9.88,2299342
2015-05-06,10.14,10.06,10.54,9.87,1949911
2015-05-07,10.06,10.02,10.19,9.88,1258708
2015-05-08,10.05,10.17,10.28,9.88,1374468
2015-05-11,10.13,10.32,10.39,9.87,2123077
2015-05-12,10.28,10.26,10.44,10.0,1989656
2015-05-13,10.44,10.19,10.5,10.08,1756562
2015-05-14,10.29,10.2,10.33,10.03,1438028
2015-05-15,10.13,9.83,10.19,9.68,1752717
2015-05-18,9.63,9.61,9.75,9.43,1537084
2015-05-19,9.6,9.95,10.08,9.5,1917813
2015-05-20,10.3,10.08,10.42,9.96,2589667
2015-05-21,10.13,10.12,10.2,9.98,1405847
2015-05-22,10.22,10.52,10.54,10.14,2621908
2015-05-25,10.58,10.79,10.88,10.58,2730369
2015-05-26,10.82,10.81,10.88,10.53,2792209
2015-05-27,10.81,10.69,11.05,10.63,2341218
2015-05-28,10.71,9.88,10.72,9.82,2733061
2015-05-29,9.88,9.73,10.02,9.55,2014933
2015-06-01,9.73,10.21,10.28,9.62,2158362
2015-06-02,10.2,10.1,10.21,9.89,1904822
2015-06-03,10.1,10.15,10.25,9.88,1975232
2015-06-04,10.17,10.6,10.78,10.01,3682533
2015-06-05,10.88,10.54,10.96,10.32,2855456
2015-06-08,10.56,11.37,11.5,10.45,5086050
2015-06-09,11.43,11.11,11.5,10.86,3286968
2015-06-10,10.96,10.86,11.07,10.73,2198387
2015-06-11,10.86,10.69,10.93,10.58,1706960
2015-06-12,10.69,10.72,10.82,10.55,1903389
2015-06-15,10.73,10.23,10.79,10.21,2192177
2015-06-16,10.13,9.99,10.34,9.88,1812180
2015-06-17,10.15,10.07,10.2,9.83,1715942
2015-06-18,10.03,9.78,10.03,9.47,1602555
2015-06-19,9.67,9.15,9.78,9.04,1565520
2015-06-23,9.16,9.42,9.43,8.72,1805488
2015-06-24,9.46,9.56,9.57,9.21,1531996
2015-06-25,9.94,9.35,9.98,9.26,2079165
2015-06-26,9.16,8.43,9.42,8.11,2555322
2015-06-29,8.69,8.26,8.75,7.58,2612943
2015-06-30,8.24,9.08,9.08,8.11,2548103
2015-07-01,8.92,8.56,9.12,8.41,1835406
2015-07-02,8.54,8.42,8.88,8.11,1982826
2015-07-03,8.61,7.85,8.62,7.62,2597458
2015-07-06,8.88,8.53,8.88,8.03,3381527
2015-07-07,8.34,9.17,9.17,7.97,4808312
2015-07-08,8.47,7.95,8.63,7.95,4996697
2015-07-09,7.95,8.84,8.99,7.05,4344355
2015-07-10,8.5,9.34,9.76,8.3,4650988
2015-07-13,8.96,8.99,9.37,8.73,3268196
2015-07-14,8.79,8.52,8.94,8.22,2580230
2015-07-15,8.34,8.28,8.59,8.13,1626423
2015-07-16,8.29,8.29,8.43,8.14,1388940
2015-07-17,8.34,8.48,8.58,8.23,1680638
2015-07-20,8.46,8.29,8.46,8.23,1358683
2015-07-21,8.22,8.27,8.33,8.11,1131644
2015-07-22,8.2,8.23,8.24,8.08,1138091
2015-07-23,8.18,8.35,8.42,8.13,1483696
2015-07-24,8.36,8.11,8.38,8.06,1339310
2015-07-27,8.0,7.33,8.06,6.99,1787859
2015-07-28,7.12,7.48,7.59,7.08,2011201
2015-07-29,7.46,7.46,7.48,7.28,971683
2015-07-30,7.47,7.18,7.49,7.15,770279
2015-07-31,7.09,7.26,7.31,6.98,1202747
2015-08-03,7.13,7.64,7.67,7.08,1405123
2015-08-04,7.6,7.68,7.78,7.45,774938
2015-08-05,7.63,7.45,7.75,7.43,551802
2015-08-06,7.38,7.4,7.57,7.32,450218
2015-08-07,7.47,7.47,7.56,7.41,622010
2015-08-10,7.51,7.73,7.78,7.42,1053112
2015-08-11,7.72,7.66,7.75,7.62,828493
2015-08-12,7.53,7.43,7.6,7.43,686822
2015-08-13,7.38,7.43,7.52,7.31,606344
2015-08-14,7.53,7.49,7.58,7.44,823789
2015-08-17,7.47,7.41,7.53,7.33,679643
2015-08-18,7.38,7.18,7.58,6.92,1176324
2015-08-19,7.04,7.15,7.15,6.88,958894
2015-08-20,7.1,7.0,7.1,6.88,677634
2015-08-21,6.88,6.54,6.95,6.51,933368
2015-08-24,6.21,5.58,6.27,5.58,1518030
2015-08-25,5.17,4.84,5.58,4.73,2192334
2015-08-26,4.96,5.22,5.48,4.71,2491920
2015-08-27,5.43,5.96,6.04,5.18,1849236
2015-08-28,6.03,5.98,6.2,5.75,1608030
2015-08-31,5.88,6.18,6.18,5.69,1464297
2015-09-01,6.04,6.6,6.63,5.8,2657661
2015-09-02,6.28,6.83,6.96,6.18,2815747
2015-09-07,6.58,6.03,6.59,6.03,1376111
2015-09-08,6.03,6.13,6.25,5.78,747292
2015-09-09,6.15,6.21,6.28,6.03,851074
2015-09-10,6.13,6.17,6.28,6.08,465206
2015-09-11,6.14,6.09,6.23,6.03,426451
2015-09-14,6.12,6.02,6.13,5.67,756453
2015-09-15,5.87,5.77,6.0,5.71,542839
2015-09-16,5.78,6.04,6.19,5.73,569244
2015-09-17,6.0,5.93,6.24,5.93,620799
2015-09-18,5.99,5.97,6.09,5.9,318273
2015-09-21,5.88,5.98,6.03,5.83,386111
2015-09-22,5.98,6.09,6.18,5.98,492956
2015-09-23,6.01,5.88,6.05,5.86,371151
2015-09-24,5.93,5.88,5.97,5.85,258633
2015-09-25,5.87,5.75,5.88,5.67,446421
2015-09-28,5.76,5.73,5.78,5.65,199087
2015-09-29,5.67,5.61,5.76,5.56,333604
2015-09-30,5.63,5.7,5.78,5.62,364660
2015-10-08,6.0,5.88,6.03,5.88,494071
2015-10-09,5.92,6.04,6.08,5.89,474612
2015-10-12,6.09,6.32,6.44,6.05,849665
2015-10-13,6.29,6.23,6.34,6.2,359798
2015-10-14,6.16,6.11,6.25,6.08,418981
2015-10-15,6.08,6.27,6.27,6.08,485901
2015-10-16,6.3,6.32,6.38,6.26,570001
2015-10-19,6.35,6.34,6.42,6.25,723372
2015-10-20,6.29,6.39,6.44,6.28,715163
2015-10-21,6.37,6.31,6.75,6.28,1332629
2015-10-22,6.33,6.4,6.46,6.28,822806
2015-10-23,6.45,6.52,6.57,6.41,937425
2015-10-26,6.63,6.56,6.8,6.49,1085918
2015-10-27,6.54,6.53,6.66,6.41,580436
2015-10-28,6.51,6.35,6.53,6.33,544811
2015-10-29,6.38,6.35,6.43,6.33,316704
2015-10-30,6.38,6.43,6.48,6.35,535931
2015-11-02,6.35,6.24,6.39,6.21,484436
2015-11-03,6.25,6.17,6.3,6.13,391265
2015-11-04,6.19,6.7,6.71,6.17,1307244
2015-11-05,6.63,7.02,7.43,6.58,2292190
2015-11-06,6.98,7.28,7.3,6.89,1463195
2015-11-09,7.38,7.74,8.11,7.34,2413888
2015-11-10,7.63,7.58,7.85,7.47,1125028
2015-11-11,7.54,7.42,7.61,7.28,1021735
2015-11-12,7.46,7.29,7.5,7.19,671140
2015-11-13,7.14,7.16,7.36,7.12,587555
2015-11-16,7.07,7.24,7.28,7.03,559849
2015-11-17,7.3,7.38,7.54,7.26,1046487
2015-11-18,7.34,7.31,7.54,7.22,793705
2015-11-19,7.29,7.38,7.38,7.23,471121
2015-11-20,7.38,7.42,7.45,7.31,598036
2015-11-23,7.42,7.33,7.46,7.28,607975
2015-11-24,7.3,7.19,7.33,7.09,664215
2015-11-25,7.13,7.23,7.27,7.1,513463
2015-11-26,7.26,7.15,7.28,7.13,552210
2015-11-27,7.11,6.73,7.13,6.57,728026
2015-11-30,6.73,6.74,6.85,6.54,658494
2015-12-01,6.71,6.75,6.84,6.55,680254
2015-12-02,6.71,7.38,7.49,6.68,1615761
2015-12-03,7.28,7.33,7.58,7.17,1425977
2015-12-04,7.22,7.06,7.28,7.03,764532
2015-12-07,7.11,7.08,7.17,6.99,402793
2015-12-08,7.02,6.93,7.03,6.88,503102
2015-12-09,6.89,6.95,7.06,6.88,429384
2015-12-10,6.92,6.93,7.08,6.88,417604
2015-12-11,6.88,6.82,6.89,6.73,379508
2015-12-14,6.73,7.02,7.05,6.72,587237
2015-12-15,6.98,6.89,7.03,6.84,364487
2015-12-16,6.94,6.87,6.97,6.86,392763
2015-12-17,6.93,7.02,7.08,6.93,648275
2015-12-18,6.98,7.15,7.42,6.98,1022945
2015-12-21,7.08,7.38,7.56,7.05,1281142
2015-12-22,7.38,7.32,7.48,7.28,698091
2015-12-23,7.35,7.36,7.61,7.29,1039018
2015-12-24,7.34,7.24,7.43,7.16,640230
2015-12-25,7.28,7.3,7.35,7.23,399845
2015-12-28,7.32,6.94,7.34,6.94,822409
2015-12-29,6.95,7.03,7.04,6.93,619802
2015-12-30,7.03,7.04,7.05,6.92,532667
2015-12-31,7.04,6.95,7.07,6.94,491259
2016-01-04,6.96,6.4,6.98,6.32,563498
2016-01-05,6.35,6.46,6.6,6.25,663270
2016-01-06,6.48,6.57,6.59,6.45,515706
2016-01-07,6.47,6.08,6.47,6.05,174761
2016-01-08,6.3,6.23,6.37,6.04,747528
2016-01-11,6.13,5.93,6.19,5.86,732014
2016-01-12,5.98,5.97,6.05,5.83,561642
2016-01-13,6.03,5.88,6.08,5.88,391709
2016-01-14,5.78,5.93,5.96,5.69,666315
2016-01-15,5.84,5.68,5.96,5.64,448202
2016-01-18,5.58,5.63,5.76,5.54,421041
2016-01-19,5.67,5.88,5.94,5.63,501109
2016-01-20,5.88,5.74,5.96,5.66,603753
2016-01-21,5.69,5.56,5.92,5.56,606145
2016-01-22,5.63,5.63,5.67,5.48,466752
2016-01-25,5.63,5.6,5.66,5.57,376432
2016-01-26,5.56,5.18,5.56,5.18,647901
2016-01-27,5.23,5.19,5.28,4.96,569037
2016-01-28,5.14,5.03,5.2,5.0,302541
2016-01-29,5.08,5.29,5.36,5.03,544436
2016-02-01,5.28,5.13,5.3,5.08,417732
2016-02-02,5.13,5.25,5.32,5.11,369104
2016-02-03,5.17,5.17,5.2,5.1,274572
2016-02-04,5.2,5.25,5.29,5.19,373099
2016-02-05,5.26,5.23,5.27,5.22,270893
2016-02-15,5.01,5.12,5.17,5.0,278499
2016-02-16,5.16,5.3,5.32,5.15,428386
2016-02-17,5.32,5.42,5.48,5.28,585167
2016-02-18,5.44,5.37,5.48,5.37,406178
2016-02-19,5.37,5.33,5.41,5.28,318898
2016-02-22,5.4,5.53,5.55,5.34,617739
2016-02-23,5.53,5.39,5.53,5.33,425874
2016-02-24,5.34,5.42,5.42,5.3,300104
2016-02-25,5.39,5.02,5.4,4.96,622073
2016-02-26,5.1,5.12,5.15,5.01,392154
2016-02-29,5.12,4.93,5.13,4.81,566896
2016-03-01,4.98,5.04,5.1,4.94,377911
2016-03-02,5.08,5.38,5.4,5.06,676614
2016-03-03,5.37,5.38,5.44,5.33,553089
2016-03-04,5.37,5.63,5.71,5.35,1381249
2016-03-07,5.58,5.58,5.7,5.54,606353
2016-03-08,5.59,5.53,5.59,5.24,643156
2016-03-09,5.41,5.43,5.48,5.33,325901
2016-03-10,5.49,5.42,5.58,5.4,474020
2016-03-11,5.38,5.43,5.48,5.33,383737
2016-03-14,5.47,5.51,5.68,5.47,655158
2016-03-15,5.53,5.56,5.59,5.43,417920
2016-03-16,5.52,5.58,5.67,5.5,664886
2016-03-17,5.59,5.64,5.69,5.54,610996
2016-03-18,5.64,5.74,5.77,5.63,797216
2016-03-21,5.75,5.96,6.01,5.75,920433
2016-03-22,5.93,5.89,6.08,5.87,625482
2016-03-23,5.88,5.88,5.93,5.8,430278
2016-03-24,5.8,5.73,5.82,5.71,372406
2016-03-25,5.72,5.78,5.79,5.71,237070
2016-03-28,5.81,5.69,5.83,5.67,358621
2016-03-29,5.72,5.65,5.73,5.61,318318
2016-03-30,5.69,5.88,5.88,5.68,539700
2016-03-31,5.88,5.83,5.92,5.83,418388
2016-04-01,5.81,5.84,5.87,5.71,369342
2016-04-05,5.81,5.88,5.97,5.71,592309
2016-04-06,5.86,5.89,5.92,5.8,435260
2016-04-07,5.89,5.78,5.9,5.78,377720
2016-04-08,5.75,5.77,5.85,5.71,376554
2016-04-11,5.79,5.89,5.96,5.79,786386
2016-04-12,5.88,5.85,5.88,5.81,298600
2016-04-13,5.9,5.97,6.1,5.88,856760
2016-04-14,6.03,5.99,6.04,5.95,323646
2016-04-15,5.99,6.03,6.08,5.96,497224
2016-04-18,5.98,5.9,6.0,5.9,350654
2016-04-19,5.93,5.93,5.97,5.88,218240
2016-04-20,5.93,5.73,5.94,5.59,606586
2016-04-21,5.73,5.72,5.82,5.67,558799
2016-04-22,5.68,5.75,5.81,5.63,359677
2016-04-25,5.76,5.71,5.76,5.64,349258
2016-04-26,5.69,5.78,5.79,5.68,291699
2016-04-27,5.78,5.77,5.8,5.73,239554
2016-04-28,5.78,5.84,5.93,5.74,457460
2016-04-29,5.83,5.77,5.83,5.75,404978
2016-05-03,5.78,5.86,5.89,5.73,489102
2016-05-04,5.86,5.89,5.92,5.84,412436
2016-05-05,5.87,5.89,5.89,5.83,239517
2016-05-06,5.9,5.73,5.9,5.73,346545
2016-05-09,5.71,5.58,5.73,5.56,411171
2016-05-10,5.58,5.53,5.6,5.52,292600
2016-05-11,5.54,5.6,5.66,5.54,327290
2016-05-12,5.55,5.61,5.63,5.5,325886
2016-05-13,5.58,5.58,5.63,5.57,184266
2016-05-16,5.56,5.59,5.59,5.5,215225
2016-05-17,5.59,5.54,5.6,5.49,250424
2016-05-18,5.53,5.54,5.56,5.43,534151
2016-05-19,5.52,5.5,5.56,5.5,170778
2016-05-20,5.49,5.54,5.57,5.45,206704
2016-05-23,5.57,5.53,5.58,5.5,323647
2016-05-24,5.52,5.47,5.53,5.45,259294
2016-05-25,5.5,5.48,5.53,5.45,204235
2016-05-26,5.48,5.48,5.52,5.43,261397
2016-05-27,5.48,5.52,5.53,5.45,222819
2016-05-30,5.5,5.53,5.53,5.46,380947
2016-05-31,5.51,5.75,5.77,5.51,946467
2016-06-01,5.72,5.69,5.75,5.66,556751
2016-06-02,5.68,5.68,5.69,5.64,293036
2016-06-03,5.68,5.71,5.73,5.63,423389
2016-06-06,5.72,5.72,5.73,5.67,338332
2016-06-07,5.73,5.73,5.73,5.69,229282
2016-06-08,5.74,5.71,5.74,5.68,268188
2016-06-13,5.68,5.57,5.68,5.57,344817
2016-06-14,5.58,5.63,5.63,5.56,273637
2016-06-15,5.57,5.66,5.69,5.56,378172
2016-06-16,5.66,5.66,5.69,5.62,386670
2016-06-17,5.66,5.67,5.7,5.63,315173
2016-06-20,5.68,5.69,5.69,5.65,270732
2016-06-21,5.7,5.7,5.74,5.67,380750
2016-06-22,5.69,5.82,5.82,5.67,478002
2016-06-23,5.76,5.75,5.79,5.72,335614
2016-06-24,5.73,5.66,5.79,5.61,427664
2016-06-27,5.66,5.7,5.73,5.63,325214
2016-06-28,5.67,5.72,5.73,5.65,336519
2016-06-29,5.72,5.78,5.78,5.71,369612
2016-06-30,5.78,5.79,5.83,5.75,362205
2016-07-01,5.78,5.8,5.82,5.77,348930
2016-07-04,5.78,5.9,5.95,5.76,608257
2016-07-05,5.89,5.9,5.92,5.86,422037
2016-07-06,5.89,5.88,5.91,5.85,322950
2016-07-07,5.88,5.87,5.89,5.83,312853
2016-07-08,5.88,5.83,5.88,5.82,261342
2016-07-11,5.84,5.84,5.88,5.83,365373
2016-07-12,5.84,5.97,5.98,5.83,711832
2016-07-13,5.97,6.08,6.14,5.95,798289
2016-07-14,6.06,6.03,6.09,6.0,359699
2016-07-15,6.04,6.08,6.09,6.0,352034
2016-07-18,6.08,6.13,6.17,6.06,506935
2016-07-19,6.13,6.06,6.14,6.04,362788
2016-07-20,6.05,6.05,6.08,6.04,310926
2016-07-21,6.04,6.08,6.1,6.04,340261
2016-07-22,6.08,6.03,6.08,6.01,295550
2016-07-25,6.02,6.07,6.07,6.0,264683
2016-07-26,6.06,6.2,6.21,6.06,546557
2016-07-27,6.21,6.1,6.26,6.0,818678
2016-07-28,6.07,6.17,6.2,6.06,479910
2016-07-29,6.17,6.29,6.33,6.12,671425
2016-08-01,6.27,6.37,6.43,6.26,759324
2016-08-02,6.33,6.34,6.35,6.26,449165
2016-08-03,6.3,6.27,6.31,6.24,424622
2016-08-04,6.26,6.08,6.27,6.02,1344462
2016-08-05,6.08,6.13,6.16,6.04,725948
2016-08-08,6.13,6.2,6.2,6.1,398479
2016-08-09,6.18,6.24,6.24,6.16,415676
2016-08-10,6.24,6.23,6.27,6.21,436655
2016-08-11,6.23,6.31,6.44,6.22,935576
2016-08-12,6.29,6.59,6.62,6.27,1370022
2016-08-15,6.64,6.77,6.89,6.6,1897552
2016-08-16,6.77,6.61,6.77,6.55,1099559
2016-08-17,6.61,6.64,6.69,6.57,560725
2016-08-18,6.65,6.59,6.68,6.52,691504
2016-08-19,6.58,6.6,6.61,6.52,505335
2016-08-22,6.59,6.49,6.6,6.45,979433
2016-08-23,6.47,6.49,6.54,6.46,890657
2016-08-24,6.5,6.52,6.52,6.47,732281
2016-08-25,6.51,6.53,6.54,6.43,617390
2016-08-26,6.54,6.54,6.56,6.49,502234
2016-08-29,6.5,6.51,6.54,6.47,565232
2016-08-30,6.51,6.56,6.56,6.5,595081
2016-08-31,6.55,6.58,6.59,6.52,489747
2016-09-01,6.58,6.54,6.61,6.51,480131
2016-09-02,6.52,6.54,6.55,6.51,368796
2016-09-05,6.55,6.51,6.55,6.49,469937
2016-09-06,6.51,6.5,6.52,6.45,574738
2016-09-07,6.5,6.49,6.51,6.46,459373
2016-09-08,6.48,6.49,6.51,6.47,295218
2016-09-09,6.49,6.47,6.52,6.45,327431
2016-09-12,6.38,6.25,6.41,6.22,756582
2016-09-13,6.27,6.28,6.3,6.23,460931
2016-09-14,6.26,6.15,6.27,6.14,421481
2016-09-19,6.14,6.21,6.23,6.14,354349
2016-09-20,6.21,6.17,6.21,6.13,436679
2016-09-21,6.17,6.17,6.19,6.12,405665
2016-09-22,6.19,6.25,6.27,6.18,494613
2016-09-23,6.25,6.24,6.28,6.23,288799
2016-09-26,6.22,6.13,6.22,6.13,439482
2016-09-27,6.13,6.15,6.16,6.1,401324
2016-09-28,6.15,6.14,6.15,6.12,271366
2016-09-29,6.14,6.15,6.17,6.14,303664
2016-09-30,6.15,6.16,6.19,6.14,308085
2016-10-10,6.19,6.21,6.26,6.17,611382
2016-10-11,6.22,6.24,6.24,6.2,363371
2016-10-12,6.23,6.22,6.25,6.21,270316
2016-10-13,6.17,6.16,6.2,6.14,632368
2016-10-14,6.15,6.18,6.18,6.13,335412
2016-10-17,6.17,6.14,6.18,6.12,359223
2016-10-18,6.12,6.18,6.18,6.12,593737
2016-10-19,6.18,6.17,6.2,6.14,482636
2016-10-20,6.17,6.16,6.18,6.14,342845
2016-10-21,6.17,6.22,6.22,6.15,683897
2016-10-24,6.22,6.33,6.39,6.21,915677
2016-10-25,6.34,6.3,6.35,6.27,500753
2016-10-26,6.31,6.24,6.31,6.22,440452
2016-10-27,6.25,6.25,6.26,6.21,324141
2016-10-28,6.25,6.26,6.32,6.23,541998
2016-10-31,6.24,6.24,6.25,6.18,493597
2016-11-01,6.23,6.23,6.25,6.2,525416
2016-11-02,6.23,6.16,6.23,6.14,633586
2016-11-03,6.15,6.22,6.23,6.14,616871
2016-11-04,6.2,6.2,6.26,6.19,508118
2016-11-07,6.19,6.21,6.21,6.16,497240
2016-11-08,6.21,6.24,6.24,6.19,806695
2016-11-09,6.23,6.16,6.23,6.1,722617
2016-11-10,6.19,6.23,6.25,6.19,631999
2016-11-11,6.23,6.27,6.27,6.2,812270
2016-11-14,6.25,6.31,6.34,6.25,975079
2016-11-15,6.29,6.32,6.33,6.27,554343
2016-11-16,6.32,6.32,6.33,6.29,415842
2016-11-17,6.31,6.3,6.31,6.27,505324
2016-11-18,6.3,6.27,6.3,6.25,517597
2016-11-21,6.27,6.33,6.37,6.26,850243
2016-11-22,6.33,6.45,6.45,6.32,1180257
2016-11-23,6.43,6.54,6.65,6.43,1752869
2016-11-24,6.53,6.56,6.61,6.51,779749
2016-11-25,6.57,6.71,6.71,6.55,1013675
2016-11-28,6.78,6.72,6.87,6.69,1279689
2016-11-29,6.68,6.71,6.79,6.64,887779
2016-11-30,6.74,6.64,6.81,6.59,1025963
2016-12-01,6.66,6.69,6.72,6.64,646004
2016-12-02,6.69,6.64,6.69,6.53,829687
2016-12-05,6.59,6.55,6.63,6.5,764366
2016-12-06,6.57,6.58,6.61,6.54,602903
2016-12-07,6.57,6.57,6.58,6.5,493405
2016-12-08,6.59,6.61,6.64,6.52,671452
2016-12-09,6.59,6.74,6.84,6.57,1514199
2016-12-12,6.74,6.59,6.86,6.53,1256874
2016-12-13,6.57,6.51,6.59,6.42,645772
2016-12-14,6.51,6.49,6.6,6.49,597706
2016-12-15,6.46,6.34,6.5,6.3,827613
2016-12-16,6.33,6.34,6.38,6.3,396814
2016-12-19,6.31,6.29,6.32,6.26,494011
2016-12-20,6.29,6.2,6.29,6.17,636638
2016-12-21,6.21,6.25,6.25,6.2,369921
2016-12-22,6.24,6.23,6.25,6.2,341341
2016-12-23,6.23,6.17,6.23,6.16,382912
2016-12-26,6.15,6.21,6.22,6.11,302059
2016-12-27,6.21,6.17,6.22,6.16,268841
2016-12-28,6.17,6.15,6.2,6.13,336055
2016-12-29,6.16,6.17,6.18,6.14,338759
2016-12-30,6.17,6.19,6.19,6.15,302607
2017-01-03,6.2,6.25,6.27,6.18,459840
2017-01-04,6.24,6.25,6.27,6.23,449330
2017-01-05,6.26,6.26,6.27,6.24,344373
2017-01-06,6.26,6.22,6.26,6.2,358154
2017-01-09,6.22,6.24,6.26,6.2,361082
2017-01-10,6.24,6.24,6.25,6.23,241054
2017-01-11,6.23,6.23,6.26,6.22,303431
2017-01-12,6.22,6.24,6.26,6.22,428007
2017-01-13,6.23,6.25,6.28,6.21,434301
2017-01-16,6.24,6.23,6.25,6.16,683166
2017-01-17,6.21,6.24,6.25,6.19,545552
2017-01-18,6.23,6.26,6.28,6.22,574269
2017-01-19,6.24,6.27,6.33,6.24,437713
2017-01-20,6.26,6.31,6.32,6.26,393329
2017-01-23,6.31,6.31,6.35,6.29,420299
2017-01-24,6.32,6.36,6.37,6.29,470244
2017-01-25,6.36,6.35,6.37,6.34,304402
2017-01-26,6.36,6.42,6.43,6.35,420713
2017-02-03,6.43,6.35,6.45,6.32,315472
2017-02-06,6.35,6.4,6.41,6.35,516786
2017-02-07,6.4,6.39,6.41,6.36,396885
2017-02-08,6.38,6.39,6.39,6.33,360272
2017-02-09,6.39,6.4,6.42,6.37,342855
2017-02-10,6.41,6.42,6.45,6.4,482743
2017-02-13,6.43,6.5,6.53,6.42,638365
2017-02-14,6.5,6.49,6.51,6.46,362405
2017-02-15,6.49,6.54,6.63,6.48,756613
2017-02-16,6.54,6.55,6.59,6.51,411161
2017-02-17,6.55,6.48,6.58,6.46,423775
2017-02-20,6.49,6.65,6.67,6.49,898755
2017-02-21,6.64,6.66,6.71,6.63,646584
2017-02-22,6.66,6.66,6.66,6.59,462966
2017-02-23,6.64,6.6,6.66,6.57,335328
2017-02-24,6.59,6.59,6.63,6.57,332500
2017-02-27,6.59,6.52,6.59,6.51,407341
2017-02-28,6.52,6.57,6.6,6.51,369720
2017-03-01,6.58,6.58,6.64,6.56,346994
2017-03-02,6.6,6.52,6.63,6.51,403629
2017-03-03,6.5,6.49,6.52,6.45,342655
2017-03-06,6.49,6.54,6.55,6.48,404511
2017-03-07,6.53,6.54,6.55,6.49,294673
2017-03-08,6.52,6.51,6.54,6.49,244438
2017-03-09,6.5,6.47,6.52,6.45,378170
2017-03-10,6.47,6.49,6.5,6.45,390182
2017-03-13,6.48,6.53,6.54,6.46,545304
2017-03-14,6.52,6.53,6.55,6.5,404484
2017-03-15,6.51,6.57,6.57,6.51,546561
2017-03-16,6.57,6.61,6.62,6.54,635954
2017-03-17,6.54,6.4,6.55,6.39,1583647
2017-03-20,6.38,6.34,6.4,6.31,715022
2017-03-21,6.34,6.33,6.35,6.29,554649
2017-03-22,6.29,6.25,6.31,6.23,566124
2017-03-23,6.25,6.29,6.33,6.24,433588
2017-03-24,6.29,6.28,6.33,6.25,710828
2017-03-27,6.21,6.23,6.28,6.17,985012
2017-03-28,6.25,6.21,6.26,6.19,481373
2017-03-29,6.22,6.2,6.24,6.18,601141
2017-03-30,6.21,6.17,6.21,6.15,687286
2017-03-31,6.17,6.26,6.27,6.17,633121
2017-04-05,6.25,6.3,6.31,6.24,499150
2017-04-06,6.29,6.29,6.31,6.26,434391
2017-04-07,6.28,6.29,6.31,6.26,514845
2017-04-10,6.29,6.27,6.3,6.26,401344
2017-04-11,6.26,6.24,6.28,6.18,612438
2017-04-12,6.25,6.21,6.26,6.19,455337
2017-04-13,6.2,6.21,6.23,6.19,357443
2017-04-14,6.2,6.17,6.21,6.15,490501
2017-04-17,6.17,6.19,6.2,6.14,531892
2017-04-18,6.18,6.14,6.19,6.14,335377
2017-04-19,6.12,6.0,6.13,5.99,799669
2017-04-20,5.99,6.01,6.03,5.98,437630
2017-04-21,6.01,6.06,6.08,5.99,325408
2017-04-24,6.06,6.02,6.07,5.98,394995
2017-04-25,6.02,6.09,6.1,6.02,377933
2017-04-26,6.09,6.08,6.1,6.05,382147
2017-04-27,6.06,6.06,6.07,6.0,387393
2017-04-28,6.05,6.08,6.08,6.01,286446
2017-05-02,6.05,6.03,6.05,5.99,311026
2017-05-03,6.01,6.0,6.02,5.98,280311
2017-05-04,5.98,5.83,5.98,5.81,696517
2017-05-05,5.83,5.72,5.85,5.67,623701
2017-05-08,5.69,5.66,5.71,5.63,460090
2017-05-09,5.65,5.73,5.73,5.64,324194
2017-05-10,5.72,5.76,5.89,5.71,573078
2017-05-11,5.74,5.79,5.81,5.69,503644
2017-05-12,5.77,5.99,5.99,5.73,917968
2017-05-15,5.98,5.95,6.04,5.9,536578
2017-05-16,5.93,5.93,5.94,5.82,524872
2017-05-17,5.9,5.86,5.9,5.84,417338
2017-05-18,5.81,5.82,5.86,5.8,227401
2017-05-19,5.83,5.78,5.85,5.77,294271
2017-05-22,5.77,5.77,5.82,5.7,679120
2017-05-23,5.76,5.88,5.93,5.73,800040
2017-05-24,5.87,5.9,5.92,5.77,532377
2017-05-25,5.88,6.19,6.23,5.87,1621544
2017-05-26,6.17,6.19,6.22,6.13,895366
2017-05-31,6.19,6.29,6.32,6.15,1033211
2017-06-01,6.29,6.28,6.32,6.21,566183
2017-06-02,6.27,6.26,6.38,6.23,770757
2017-06-05,6.22,6.12,6.26,6.08,634133
2017-06-06,6.1,6.13,6.15,6.08,355342
2017-06-07,6.11,6.22,6.24,6.1,645723
2017-06-08,6.2,6.22,6.24,6.17,383004
2017-06-09,6.24,6.24,6.31,6.21,685468
2017-06-12,6.24,6.2,6.28,6.19,504578
2017-06-13,6.2,6.21,6.23,6.14,448435
2017-06-14,6.21,6.17,6.22,6.13,375444
2017-06-15,6.17,6.13,6.17,6.12,337798
2017-06-16,6.13,6.11,6.17,6.1,285991
2017-06-19,6.12,6.22,6.24,6.11,489705
2017-06-20,6.21,6.21,6.25,6.18,313616
2017-06-21,6.26,6.24,6.27,6.2,496932
2017-06-22,6.24,6.34,6.49,6.23,1426958
2017-06-23,6.32,6.34,6.36,6.25,584004
2017-06-26,6.35,6.39,6.49,6.35,710770
2017-06-27,6.39,6.45,6.48,6.36,546016
2017-06-28,6.44,6.52,6.58,6.42,1168796
2017-06-29,6.52,6.52,6.54,6.46,488805
2017-06-30,6.49,6.48,6.52,6.4,499633
2017-07-03,6.49,6.49,6.52,6.43,388349
2017-07-04,6.49,6.43,6.5,6.39,488363
2017-07-05,6.38,6.46,6.47,6.36,567720
2017-07-06,6.45,6.49,6.5,6.4,738912
2017-07-07,6.46,6.56,6.57,6.43,760370
2017-07-10,6.54,6.68,6.75,6.53,1360816
2017-07-11,6.7,7.34,7.55,6.7,3812087
2017-07-12,7.36,7.43,7.67,7.29,2998844
2017-07-13,7.39,7.99,7.99,7.33,2994534
2017-07-14,7.9,7.99,8.03,7.75,1722570
2017-07-17,8.04,7.9,8.42,7.81,3273123
2017-07-18,7.84,8.14,8.23,7.71,2349432
2017-07-19,8.08,8.18,8.28,7.97,1933076
2017-07-20,8.17,8.06,8.31,8.0,1537339
2017-07-21,8.08,8.14,8.2,7.94,1501020
2017-07-24,8.07,8.2,8.31,7.98,1692664
2017-07-25,8.23,8.25,8.52,8.2,1954768
2017-07-26,8.17,7.99,8.43,7.91,1697412
2017-07-27,7.97,7.84,8.02,7.78,1194490
2017-07-28,7.86,7.99,8.06,7.83,819195
2017-07-31,8.05,7.92,8.07,7.7,1575864
2017-08-01,7.89,8.29,8.33,7.85,2035710
2017-08-02,8.3,8.4,8.59,8.21,2062069
2017-08-03,8.39,8.26,8.47,8.22,984219
2017-08-04,8.25,8.42,8.54,8.18,1353952
2017-08-07,8.31,8.25,8.42,8.15,860644
2017-08-08,8.25,8.3,8.36,8.16,689567
2017-08-09,8.21,7.98,8.27,7.93,1042322
2017-08-10,7.95,7.87,8.07,7.79,959880
2017-08-11,7.73,7.27,7.79,7.24,2440643
2017-08-14,7.38,7.47,7.5,7.29,1157665
2017-08-15,7.49,7.56,7.76,7.46,1075162
2017-08-16,7.54,7.59,7.62,7.4,756806
2017-08-17,7.6,7.67,7.67,7.54,553642
2017-08-18,7.61,7.69,7.85,7.54,616520
2017-08-21,7.68,7.71,7.77,7.64,399155
2017-08-22,7.73,7.9,7.91,7.62,875682
2017-08-23,7.88,8.15,8.23,7.84,1319152
2017-08-24,8.14,8.18,8.36,8.09,924249
2017-08-25,8.19,8.36,8.42,8.15,963940
2017-08-28,8.35,8.6,8.79,8.35,1603938
2017-08-29,8.55,8.92,8.99,8.53,1357984
2017-08-30,8.93,8.68,8.95,8.6,1096675
2017-08-31,8.64,8.53,8.69,8.4,1151786
2017-09-01,8.53,8.46,8.64,8.4,959977
2017-09-04,8.43,8.97,8.97,8.42,1352326
2017-09-05,8.93,8.89,9.19,8.85,1287519
2017-09-06,8.84,8.95,9.13,8.73,791622
2017-09-07,8.9,8.69,9.0,8.64,614187
2017-09-08,8.71,8.74,8.89,8.63,481276
2017-09-11,8.79,8.63,8.94,8.55,699473
2017-09-12,8.63,8.79,8.79,8.52,846183
2017-09-13,8.74,8.68,8.79,8.59,668237
2017-09-14,8.68,8.57,8.84,8.49,883088
2017-09-15,8.54,8.54,8.57,8.4,646095
2017-09-18,8.5,8.5,8.57,8.45,607613
2017-09-19,8.5,8.38,8.59,8.33,764213
2017-09-20,8.39,8.54,8.62,8.3,787155
2017-09-21,8.51,8.71,8.76,8.45,692408
2017-09-22,8.68,8.69,8.77,8.56,593928
2017-09-25,8.69,8.54,8.7,8.43,532391
2017-09-26,8.51,8.3,8.55,8.21,967461
2017-09-27,8.26,8.18,8.33,8.15,727188
2017-09-28,8.23,8.13,8.23,8.07,517220
2017-09-29,8.17,8.36,8.41,8.11,682280
2017-10-09,8.82,8.55,8.89,8.51,1325227
2017-10-10,8.58,8.72,8.75,8.58,747925
2017-10-11,8.73,8.78,8.83,8.59,658078
2017-10-12,8.79,8.8,8.83,8.72,578065
2017-10-13,8.81,8.61,8.81,8.5,737376
2017-10-16,8.61,8.84,8.85,8.54,1036251
2017-10-17,8.87,8.76,8.9,8.73,506372
2017-10-18,8.78,8.94,8.95,8.76,871365
2017-10-19,8.89,8.88,8.97,8.82,722765
2017-10-20,8.84,8.73,8.84,8.66,461808
2017-10-23,8.64,8.44,8.65,8.4,1074465
2017-10-24,8.45,8.64,8.67,8.43,618872
2017-10-25,8.61,8.52,8.62,8.5,418574
2017-10-26,8.5,8.43,8.57,8.37,928996
2017-10-27,8.44,8.81,8.81,8.43,1360086
2017-10-30,8.8,8.81,8.98,8.7,1278247
2017-10-31,8.8,8.79,8.83,8.64,627491
2017-11-01,8.81,8.65,8.84,8.57,692618
2017-11-02,8.61,8.79,8.83,8.51,604308
2017-11-03,8.74,8.64,8.93,8.6,743343
2017-11-06,8.67,8.53,8.67,8.34,1029903
2017-11-07,8.52,9.17,9.34,8.5,2477163
2017-11-08,9.25,9.38,9.84,9.18,4262826
2017-11-09,9.45,9.58,9.82,9.4,2295289
2017-11-10,9.62,9.55,9.8,9.4,1757552
2017-11-13,9.6,10.15,10.35,9.6,2566906
2017-11-14,10.2,10.2,10.51,10.06,1780302
2017-11-15,10.15,10.15,10.38,10.02,1263052
2017-11-16,10.15,10.35,10.37,9.92,1200815
2017-11-17,10.42,10.43,10.71,10.28,2064150
2017-11-20,10.38,11.5,11.5,10.3,2843926
2017-11-21,11.32,11.7,12.04,11.26,2495328
2017-11-22,11.73,12.35,12.49,11.73,2570231
2017-11-23,12.4,11.6,12.49,11.32,2429142
2017-11-24,11.54,11.81,11.84,11.03,2630190
2017-11-27,11.55,11.18,11.55,11.0,2064085
2017-11-28,11.1,10.95,11.1,10.65,1766433
2017-11-29,10.98,11.07,11.18,10.72,1564095
2017-11-30,10.95,10.63,10.98,10.51,1379636
2017-12-01,10.65,10.25,10.73,10.21,1784933
2017-12-04,10.3,10.55,10.62,10.25,1454023
2017-12-05,10.4,10.55,10.74,10.35,1723681
2017-12-06,10.51,10.33,10.52,10.04,1619845
2017-12-07,10.3,10.08,10.39,10.0,1181958
2017-12-08,10.14,10.34,10.34,10.0,1351315
2017-12-11,10.33,10.75,10.82,10.13,2261953
2017-12-12,10.65,10.27,10.73,10.27,1743406
2017-12-13,10.25,10.38,10.45,10.13,1289248
2017-12-14,10.4,10.25,10.56,10.16,1001998
2017-12-15,10.15,9.97,10.18,9.92,1099953
2017-12-18,9.98,10.0,10.16,9.89,805465
2017-12-19,10.04,10.53,10.57,9.99,2397943
2017-12-20,10.45,10.51,10.56,10.38,1106245
2017-12-21,10.43,10.79,10.93,10.41,1485203
2017-12-22,10.75,10.77,10.88,10.7,742901
2017-12-25,10.77,10.5,11.11,10.41,1585567
2017-12-26,10.51,10.91,10.94,10.44,1123688
2017-12-27,10.83,10.54,11.03,10.44,1366567
2017-12-28,10.53,10.46,10.71,10.27,1553030
2017-12-29,10.46,10.55,10.68,10.35,982916
2018-01-02,10.6,10.95,11.18,10.57,2081593
2018-01-03,10.98,10.58,11.11,10.45,2962498
2018-01-04,10.57,10.5,10.62,10.38,1854509
2018-01-05,10.46,10.55,10.6,10.4,1210313
2018-01-08,10.5,10.21,10.54,10.11,2158621
2018-01-09,10.21,10.33,10.45,10.17,1344345
2018-01-10,10.29,10.72,10.74,10.17,2403277
2018-01-11,10.66,10.65,10.84,10.52,1443878
2018-01-12,10.7,10.8,10.93,10.66,1353991
2018-01-15,10.76,11.45,11.58,10.75,3122395
2018-01-16,11.42,11.45,11.63,11.27,2444549
2018-01-17,11.58,11.48,12.05,11.45,2656294
2018-01-18,11.65,11.97,11.97,11.53,2148027
2018-01-19,12.05,12.05,12.38,11.93,2571147
2018-01-22,11.85,11.69,12.19,11.68,2073867
2018-01-23,11.61,11.9,12.15,11.58,2388792
2018-01-24,11.91,11.89,12.33,11.75,2591292
2018-01-25,11.7,11.45,11.72,11.25,2369985
2018-01-26,11.43,11.3,11.59,11.27,2032989
2018-01-29,11.3,10.99,11.5,10.85,2090547
2018-01-30,10.95,10.9,11.09,10.8,1094740
2018-01-31,10.85,11.3,11.3,10.78,1747729
2018-02-01,11.2,11.28,11.55,11.09,2005615
2018-02-02,11.16,11.3,11.35,10.88,1176513
2018-02-05,11.05,11.8,11.82,10.98,2331998
2018-02-06,11.48,11.25,11.58,11.18,2582872
2018-02-07,11.47,10.17,11.55,10.01,3345717
2018-02-08,10.08,9.79,10.17,9.78,2137815
2018-02-09,9.33,8.94,9.33,8.63,2824950
2018-02-12,9.03,8.97,9.09,8.81,1228782
2018-02-13,9.12,9.19,9.46,9.09,1298179
2018-02-14,9.21,9.25,9.28,9.01,864190
2018-02-22,9.5,9.71,9.78,9.5,1268406
2018-02-23,9.83,9.86,10.04,9.7,1013663
2018-02-26,10.02,9.88,10.1,9.7,1045759
2018-02-27,9.89,9.53,9.95,9.44,1285869
2018-02-28,9.35,9.3,9.44,9.18,1214146
2018-03-01,9.17,9.29,9.4,9.15,886957
2018-03-02,9.17,9.2,9.29,9.1,663124
2018-03-05,9.18,9.11,9.33,9.05,754183
2018-03-06,9.2,9.35,9.36,9.02,1150162
2018-03-07,9.4,9.3,9.59,9.29,1427570
2018-03-08,9.3,9.36,9.4,9.2,689755
2018-03-09,9.4,9.34,9.45,9.23,943877
2018-03-12,9.4,9.28,9.42,9.2,1268701
2018-03-13,9.29,9.27,9.47,9.25,1082267
2018-03-14,9.23,9.17,9.25,9.08,635594
2018-03-15,9.04,8.96,9.1,8.91,1155695
2018-03-16,8.97,8.89,9.1,8.89,962983
2018-03-19,8.91,9.08,9.09,8.86,808539
2018-03-20,8.99,9.07,9.13,8.97,776150
2018-03-21,9.2,9.15,9.37,9.1,1445110
2018-03-22,9.15,8.91,9.22,8.87,984278
2018-03-23,8.5,8.59,8.6,8.17,1825691
2018-03-26,8.4,8.18,8.45,8.11,1383599
2018-03-27,8.35,8.19,8.42,8.11,1103934
2018-03-28,8.1,8.14,8.39,8.04,1099023
2018-03-29,8.17,8.3,8.42,7.8,1330602
2018-03-30,8.29,8.15,8.3,8.13,752174
2018-04-02,8.12,7.96,8.24,7.95,1109316
2018-04-03,7.85,7.81,7.92,7.76,890746
2018-04-04,7.93,8.12,8.26,7.85,1602489
2018-04-09,8.05,8.27,8.35,7.98,1074796
2018-04-10,8.27,8.67,8.71,8.22,1390951
2018-04-11,8.64,9.08,9.17,8.63,2095970
2018-04-12,9.05,8.77,9.08,8.67,1173128
2018-04-13,8.89,8.82,9.04,8.7,1300256
2018-04-16,8.72,8.35,8.72,8.28,1427073
2018-04-17,8.37,8.46,8.7,8.36,1301892
2018-04-18,8.7,8.75,8.86,8.53,1475845
2018-04-19,8.77,8.72,8.94,8.67,849132
2018-04-20,8.76,8.6,8.83,8.45,958691
2018-04-23,8.55,8.82,8.86,8.51,1070289
2018-04-24,8.88,9.11,9.19,8.83,1461099
2018-04-25,9.01,8.93,9.06,8.88,730286
2018-04-26,8.91,8.67,8.94,8.56,874236
2018-04-27,8.74,8.1,8.76,7.88,2709796
2018-05-02,8.22,8.13,8.28,8.05,1190523
2018-05-03,8.11,8.0,8.13,7.82,1281356
2018-05-04,7.98,7.93,8.08,7.91,710510
2018-05-07,7.95,8.06,8.08,7.89,974310
2018-05-08,8.08,8.26,8.4,8.05,1373306
2018-05-09,8.23,8.22,8.28,8.13,627656
2018-05-10,8.28,8.26,8.34,8.16,552736
2018-05-11,8.29,8.26,8.38,8.21,772370
2018-05-14,8.34,8.43,8.48,8.28,1039297
2018-05-15,8.43,8.37,8.44,8.27,669261
2018-05-16,8.32,8.15,8.32,8.14,714362
2018-05-17,8.16,8.07,8.19,8.03,586494
2018-05-18,8.06,8.21,8.22,8.01,578385
2018-05-21,8.32,8.2,8.36,8.18,763534
2018-05-22,8.2,8.11,8.23,8.04,589872
2018-05-23,8.07,7.9,8.07,7.87,991016
2018-05-24,7.91,7.86,7.93,7.83,688152
2018-05-25,7.86,7.84,7.92,7.8,593336
2018-05-28,7.83,7.84,7.91,7.76,569401
2018-05-29,7.83,7.63,7.88,7.6,889495
2018-05-30,7.54,7.33,7.54,7.3,1124447
2018-05-31,7.36,7.43,7.44,7.27,987360
2018-06-01,7.4,7.44,7.54,7.32,597211
2018-06-04,7.48,7.52,7.56,7.4,593038
2018-06-05,7.54,7.51,7.55,7.36,656541
2018-06-06,7.5,7.39,7.51,7.35,712743
2018-06-07,7.45,7.62,7.71,7.43,1262638
2018-06-08,7.58,7.37,7.58,7.31,1099380
2018-06-11,7.31,7.29,7.38,7.25,721375
2018-06-12,7.28,7.31,7.33,7.2,913301
2018-06-13,7.29,7.2,7.31,7.2,530584
2018-06-14,7.2,7.32,7.4,7.17,866392
2018-06-15,7.33,7.42,7.54,7.31,1248708
2018-06-19,7.3,7.12,7.4,7.07,1565874
2018-06-20,7.12,7.16,7.2,7.01,763637
2018-06-21,7.18,7.11,7.29,7.11,840071
2018-06-22,7.05,7.1,7.12,7.02,657819
2018-06-25,7.16,6.71,7.17,6.63,1195213
2018-06-26,6.64,6.61,6.69,6.34,1124157
2018-06-27,6.56,6.34,6.65,6.28,1045143
2018-06-28,6.2,6.17,6.33,6.12,1110764
2018-06-29,6.26,6.34,6.38,6.21,675300
2018-07-02,6.3,5.86,6.3,5.8,1315520
2018-07-03,5.94,5.92,5.95,5.7,1274839
2018-07-04,5.88,5.86,6.0,5.86,711153
2018-07-05,5.87,5.85,5.98,5.8,835769
2018-07-06,5.86,5.91,6.03,5.7,988283
2018-07-09,5.94,6.28,6.28,5.93,1409955
2018-07-10,6.27,6.23,6.27,6.14,896862
2018-07-11,6.01,6.03,6.08,5.93,851297
2018-07-12,5.98,6.26,6.35,5.96,1140492
2018-07-13,6.3,6.26,6.32,6.2,603378
2018-07-16,6.23,6.11,6.28,6.07,689846
2018-07-17,6.12,6.1,6.13,6.04,375356
2018-07-18,6.13,6.08,6.23,6.07,525153
2018-07-19,6.13,6.11,6.19,6.07,461372
2018-07-20,6.11,6.49,6.58,5.99,1754277
2018-07-23,6.42,6.8,6.83,6.38,1781688
2018-07-24,6.77,6.78,6.97,6.71,1425894
2018-07-25,6.82,6.76,6.85,6.71,614123
2018-07-26,6.78,6.63,6.86,6.59,833358
2018-07-27,6.68,6.63,6.74,6.56,515126
2018-07-30,6.7,6.77,6.87,6.64,706386
2018-07-31,6.75,6.8,6.87,6.63,720151
2018-08-01,6.8,6.53,6.88,6.49,814082
2018-08-02,6.51,6.32,6.53,6.26,931401
2018-08-03,6.31,6.29,6.48,6.29,476547
2018-08-06,6.32,6.32,6.49,6.27,554010
2018-08-07,6.34,6.55,6.55,6.26,690423
2018-08-08,6.54,6.43,6.54,6.42,578953
2018-08-09,6.42,6.67,6.73,6.4,806784
2018-08-10,6.68,6.61,6.7,6.54,424168
2018-08-13,6.5,6.43,6.54,6.28,818491
2018-08-14,6.41,6.38,6.42,6.32,430240
2018-08-15,6.4,6.17,6.4,6.13,670443
2018-08-16,6.11,6.16,6.27,6.02,638273
2018-08-17,6.26,6.19,6.32,6.16,649477
2018-08-20,6.28,6.38,6.4,6.25,681322
2018-08-21,6.4,6.61,6.64,6.39,1264474
2018-08-22,6.62,6.67,6.72,6.51,982434
2018-08-23,6.68,6.74,6.8,6.61,729075
2018-08-24,6.69,7.41,7.66,6.67,3040408
2018-08-27,7.4,7.81,7.81,7.35,2218424
2018-08-28,7.72,7.67,7.81,7.62,1289777
2018-08-29,7.63,7.65,7.71,7.53,901883
2018-08-30,7.65,7.5,7.73,7.46,994918
2018-08-31,7.51,7.51,7.7,7.48,1310865
2018-09-03,7.47,7.57,7.68,7.47,711696
2018-09-04,7.58,7.81,7.93,7.45,1296342
2018-09-05,7.68,7.43,7.71,7.43,1179453
2018-09-06,7.43,7.35,7.52,7.33,711778
2018-09-07,7.42,7.39,7.56,7.31,809035
2018-09-10,7.39,7.26,7.45,7.22,636989
2018-09-11,7.28,7.29,7.41,7.19,712968
2018-09-12,7.25,7.26,7.35,7.2,564829
2018-09-13,7.47,7.34,7.48,7.22,999726
2018-09-14,7.36,7.22,7.36,7.19,619750
2018-09-17,7.18,7.07,7.18,7.06,517082
2018-09-18,7.11,7.46,7.5,7.08,1126807
2018-09-19,7.41,7.62,7.72,7.41,1231549
2018-09-20,7.65,7.61,7.74,7.57,620348
2018-09-21,7.64,8.05,8.08,7.56,1624518
2018-09-25,7.9,7.93,8.06,7.86,977015
2018-09-26,7.99,8.09,8.3,7.9,1490513
2018-09-27,8.03,8.12,8.22,7.95,880363
2018-09-28,8.16,8.43,8.65,8.16,2110243
2018-10-08,8.08,7.83,8.17,7.83,1686359
2018-10-09,7.84,7.94,8.08,7.77,1064084
2018-10-10,7.92,7.83,8.04,7.76,995200
2018-10-11,7.43,7.24,7.54,7.08,1995144
2018-10-12,7.35,7.68,7.72,7.25,1516810
2018-10-15,7.77,7.49,7.85,7.47,1402685
2018-10-16,7.52,7.75,7.92,7.5,1396921
2018-10-17,7.88,7.71,7.93,7.52,1350890
2018-10-18,7.67,7.47,7.67,7.44,1001156
2018-10-19,7.33,8.14,8.16,7.3,2083667
2018-10-22,8.19,8.53,8.84,8.16,2645543
2018-10-23,8.58,8.22,8.6,8.11,1602546
2018-10-24,8.28,8.42,8.71,8.18,1829425
2018-10-25,8.18,8.67,8.67,8.09,1685011
2018-10-26,8.67,8.56,8.69,8.34,1299975
2018-10-29,8.58,8.13,8.62,8.0,1591629
2018-10-30,8.16,8.28,8.46,8.11,1501828
2018-10-31,8.33,8.29,8.37,8.13,1152684
2018-11-01,8.37,8.21,8.43,8.14,1542776
2018-11-02,8.42,8.47,8.54,8.21,2212923
2018-11-05,8.33,8.3,8.42,8.2,1291924
2018-11-06,8.25,8.22,8.31,8.11,735726
2018-11-07,8.21,8.19,8.33,8.13,785597
2018-11-08,8.26,8.27,8.35,8.2,793976
2018-11-09,8.09,7.93,8.11,7.78,1629269
2018-11-12,7.84,7.94,7.96,7.76,920334
2018-11-13,7.79,7.92,8.03,7.76,1072498
2018-11-14,7.91,7.82,7.93,7.8,774240
2018-11-15,7.82,8.0,8.02,7.8,901462
2018-11-16,7.99,7.95,8.1,7.87,1059593
2018-11-19,7.95,8.23,8.26,7.95,1360887
2018-11-20,8.13,7.95,8.18,7.9,1033878
2018-11-21,7.88,7.99,8.05,7.86,666157
2018-11-22,8.05,7.93,8.05,7.86,500268
2018-11-23,7.91,7.7,7.96,7.69,700358
2018-11-26,7.72,7.72,7.84,7.68,516569
2018-11-27,7.73,7.56,7.77,7.54,733448
2018-11-28,7.55,7.66,7.69,7.54,537751
2018-11-29,7.73,7.58,7.77,7.57,485284
2018-11-30,7.6,7.74,7.74,7.55,594715
2018-12-03,7.97,7.97,8.04,7.85,1064097
2018-12-04,7.95,7.97,8.0,7.91,534813
2018-12-05,7.87,7.83,7.89,7.78,581545
2018-12-06,7.74,7.63,7.75,7.61,578866
2018-12-07,7.68,7.66,7.77,7.65,340216
2018-12-10,7.6,7.55,7.65,7.51,494819
2018-12-11,7.59,7.61,7.64,7.55,299090
2018-12-12,7.68,7.62,7.7,7.58,366379
2018-12-13,7.63,7.77,7.86,7.58,790845
2018-12-14,7.72,7.55,7.73,7.54,526675
2018-12-17,7.54,7.67,7.71,7.48,571275
2018-12-18,7.58,7.5,7.7,7.48,537744
2018-12-19,7.52,7.32,7.56,7.28,598007
2018-12-20,7.3,7.09,7.35,7.01,990285
2018-12-21,7.06,6.83,7.08,6.71,1000617
2018-12-24,6.78,6.8,6.83,6.69,509118
2018-12-25,6.67,6.72,6.81,6.59,586615
2018-12-26,6.73,6.68,6.8,6.65,421141
2018-12-27,6.83,6.66,6.87,6.66,624593
2018-12-28,6.69,6.76,6.84,6.69,576604
2019-01-02,6.77,6.57,6.8,6.54,539386
2019-01-03,6.56,6.66,6.71,6.53,415538
2019-01-04,6.62,7.13,7.2,6.6,1481159
2019-01-07,7.22,7.12,7.23,7.01,865688
2019-01-08,7.11,7.04,7.12,7.0,402388
2019-01-09,7.12,7.32,7.46,7.08,1233486
2019-01-10,7.25,7.48,7.58,7.24,1071818
2019-01-11,7.49,7.58,7.6,7.43,696365
2019-01-14,7.6,7.49,7.63,7.45,500444
2019-01-15,7.49,7.62,7.66,7.47,542161
2019-01-16,7.62,7.86,7.88,7.61,977699
2019-01-17,7.92,7.63,7.95,7.55,882812
2019-01-18,7.72,7.81,7.87,7.66,738793
2019-01-21,7.72,7.72,7.85,7.7,659356
2019-01-22,7.72,7.66,7.82,7.64,424414
2019-01-23,7.67,7.73,7.85,7.67,537877
2019-01-24,7.78,7.9,7.93,7.75,679241
2019-01-25,7.94,8.38,8.42,7.93,2108362
2019-01-28,8.42,8.32,8.52,8.26,1035910
2019-01-29,8.34,8.38,8.45,8.15,826631
2019-01-30,8.33,8.33,8.56,8.24,712001
2019-01-31,8.36,8.48,8.58,8.32,831623
2019-02-01,8.58,8.58,8.63,8.34,1014270
2019-02-11,8.46,8.59,8.59,8.35,801937
2019-02-12,8.58,8.57,8.69,8.41,959937
2019-02-13,8.57,8.76,8.79,8.5,1137366
2019-02-14,8.68,8.63,8.71,8.57,869185
2019-02-15,8.61,8.33,8.61,8.28,1100127
2019-02-18,8.43,8.74,8.74,8.42,1255522
2019-02-19,8.74,8.65,9.0,8.62,1270882
2019-02-20,8.71,8.79,8.91,8.63,832630
2019-02-21,8.76,8.74,8.93,8.66,754246
2019-02-22,8.73,8.92,8.95,8.53,1184048
2019-02-25,9.08,9.93,10.02,8.95,2824935
2019-02-26,9.93,9.58,9.95,9.53,2017545
2019-02-27,9.62,9.78,10.04,9.53,1979014
2019-02-28,9.82,9.74,9.99,9.65,1113100
2019-03-01,9.86,10.14,10.16,9.58,1712679
2019-03-04,10.08,10.37,10.76,10.0,2456830
2019-03-05,10.29,10.44,10.67,10.22,1408422
2019-03-06,10.44,10.46,10.53,10.22,1245760
2019-03-07,10.44,10.12,10.44,9.93,1782057
2019-03-08,9.87,9.68,10.08,9.63,1778162
2019-03-11,9.68,9.7,9.87,9.43,1157651
2019-03-12,9.87,9.74,10.02,9.62,1411795
2019-03-13,9.72,9.75,9.93,9.51,1269427
2019-03-14,9.71,9.81,10.0,9.65,1057468
2019-03-15,9.72,9.88,10.06,9.72,1045406
2019-03-18,9.91,10.29,10.32,9.7,1486455
2019-03-19,10.3,10.17,10.32,9.99,957196
2019-03-20,10.06,10.13,10.26,10.0,929996
2019-03-21,10.15,10.07,10.18,9.96,860141
2019-03-22,10.07,9.97,10.12,9.88,713502
2019-03-25,9.78,9.49,9.78,9.48,1179883
2019-03-26,9.61,9.48,9.67,9.39,935393
2019-03-27,9.62,9.76,9.85,9.56,922827
2019-03-28,9.69,9.6,9.69,9.48,732467
2019-03-29,9.64,10.2,10.2,9.59,1669506
2019-04-01,10.21,10.56,10.93,10.21,1951401
2019-04-02,10.66,10.74,10.86,10.61,1100384
2019-04-03,10.59,10.82,10.83,10.53,792916
2019-04-04,10.81,11.24,11.38,10.81,2034365
2019-04-08,11.28,11.34,11.81,11.1,1743176
2019-04-09,11.25,11.19,11.36,11.13,781332
2019-04-10,11.13,11.11,11.26,10.78,947135
2019-04-11,11.11,10.92,11.34,10.87,655357
2019-04-12,10.87,10.8,10.97,10.59,774325
2019-04-15,11.1,11.07,11.47,11.04,1533891
2019-04-16,11.05,11.96,11.96,10.93,2379375
2019-04-17,11.8,11.73,11.97,11.61,1004110
2019-04-18,11.68,11.72,11.75,11.49,507045
2019-04-19,11.83,12.11,12.18,11.68,1246036
2019-04-22,11.98,11.53,12.22,11.46,1322274
2019-04-23,11.48,11.45,11.58,11.35,940687
2019-04-24,11.83,11.82,11.98,11.54,1949724
2019-04-25,11.76,11.51,12.02,11.51,1111476
2019-04-26,11.46,11.17,11.63,11.08,1009421
2019-04-29,11.28,11.48,11.71,11.24,1030696
2019-04-30,11.37,11.23,11.43,10.97,1116570
2019-05-06,10.48,10.25,10.73,10.09,2108668
2019-05-07,10.41,10.33,10.47,10.1,1072658
2019-05-08,10.1,9.98,10.29,9.88,975451
2019-05-09,9.9,9.54,9.96,9.43,1557152
2019-05-10,9.72,10.06,10.13,9.48,1192399
2019-05-13,9.71,9.68,9.92,9.61,741918
2019-05-14,9.58,9.87,10.13,9.54,1182598
2019-05-15,9.96,10.3,10.49,9.95,1103989
2019-05-16,10.31,10.23,10.37,10.16,634901
2019-05-17,10.3,9.82,10.31,9.74,965001
2019-05-20,9.73,9.76,9.92,9.63,786435
2019-05-21,9.78,9.94,10.11,9.74,731211
2019-05-22,9.95,9.78,9.95,9.7,506231
2019-05-23,9.62,9.67,9.8,9.52,666855
2019-05-24,9.73,9.73,9.83,9.69,495526
2019-05-27,9.59,9.75,9.8,9.31,1048426
2019-05-28,9.69,9.87,9.93,9.64,880703
2019-05-29,9.74,9.78,9.97,9.64,666412
2019-05-30,9.7,9.6,9.76,9.49,646285
2019-05-31,9.54,9.56,9.78,9.49,686794
2019-06-03,9.6,9.28,9.71,9.2,1512719
2019-06-04,9.27,9.23,9.32,8.98,974655
2019-06-05,9.35,9.35,9.52,9.3,748892
2019-06-06,9.35,9.3,9.45,9.27,433665
2019-06-10,9.39,9.72,9.85,9.36,1144669
2019-06-11,9.72,10.03,10.1,9.68,1251088
2019-06-12,10.01,9.95,10.04,9.82,657310
2019-06-13,9.92,9.97,10.06,9.81,530000
2019-06-14,9.97,9.87,10.07,9.83,483192
2019-06-17,9.86,10.05,10.17,9.86,619816
2019-06-18,10.05,10.18,10.23,9.97,483555
2019-06-19,10.67,10.45,10.77,10.39,1143226
2019-06-20,10.55,11.18,11.33,10.5,1529191
2019-06-21,11.14,11.02,11.25,10.96,1011129
2019-06-24,11.07,11.07,11.21,10.99,659573
2019-06-25,11.1,10.81,11.1,10.45,1469227
2019-06-26,10.8,10.9,11.03,10.72,546505
2019-06-27,11.03,11.24,11.38,10.98,925075
2019-06-28,11.26,11.31,11.32,11.11,498094
2019-07-01,11.54,11.46,11.71,11.4,960636
2019-07-02,11.41,11.71,11.77,11.39,1052745
2019-07-03,11.71,11.54,11.74,11.4,769078
2019-07-04,11.54,11.52,11.81,11.41,621293
2019-07-05,11.48,11.45,11.51,11.22,749196
2019-07-08,11.35,11.12,11.41,10.98,778414
2019-07-09,11.16,11.12,11.24,10.97,494296
2019-07-10,11.14,11.09,11.23,11.02,358221
2019-07-11,11.21,11.07,11.31,11.06,484183
2019-07-12,11.13,11.65,11.76,11.11,1465367
2019-07-15,11.56,11.53,11.65,11.37,841283
2019-07-16,11.5,11.28,11.52,11.24,722781
2019-07-17,11.23,11.22,11.34,11.14,410021
2019-07-18,11.18,11.2,11.34,11.09,422826
2019-07-19,11.27,11.52,11.61,11.21,866391
2019-07-22,11.49,11.38,11.55,11.29,582283
2019-07-23,11.39,11.29,11.4,11.18,504004
2019-07-24,11.4,11.41,11.54,11.32,570276
2019-07-25,11.45,11.73,11.8,11.38,1087826
2019-07-26,11.71,11.76,11.78,11.61,635306
2019-07-29,11.78,11.82,11.98,11.71,715576
2019-07-30,11.84,11.9,12.08,11.82,796634
2019-07-31,11.83,11.66,11.85,11.61,634723
2019-08-01,11.59,11.63,11.72,11.47,527981
2019-08-02,11.3,11.27,11.41,11.19,969926
2019-08-05,11.13,10.88,11.17,10.8,893082
2019-08-06,10.63,10.9,10.99,10.56,882499
2019-08-07,11.02,11.07,11.17,10.9,793039
2019-08-08,11.43,11.91,12.03,11.38,2330715
2019-08-09,12.08,12.05,12.38,11.96,2060575
2019-08-12,12.14,12.65,12.65,12.13,2733425
2019-08-13,12.53,12.42,12.61,12.27,1293736
2019-08-14,12.67,12.5,12.75,12.33,1360547
2019-08-15,12.17,12.47,12.49,12.13,897376
2019-08-16,12.62,12.43,12.67,12.31,986903
2019-08-19,12.44,12.45,12.47,12.05,2292956
2019-08-20,12.45,12.52,12.73,12.3,1921042
2019-08-21,12.4,11.98,12.42,11.91,1990132
2019-08-22,11.93,11.84,11.98,11.73,1353072
2019-08-23,11.9,12.18,12.27,11.88,1636868
2019-08-26,11.95,11.78,12.03,11.68,1415123
2019-08-27,11.89,11.84,12.01,11.77,1356713
2019-08-28,11.79,11.8,11.81,11.58,829658
2019-08-29,11.75,11.66,11.77,11.61,609034
2019-08-30,11.82,11.69,11.92,11.63,798501
2019-09-02,11.68,11.98,12.03,11.64,1360201
2019-09-03,12.01,11.83,12.04,11.78,858654
2019-09-04,11.85,11.97,12.03,11.84,973965
2019-09-05,12.09,12.11,12.38,12.08,1768051
2019-09-06,12.24,12.34,12.34,12.15,986433
2019-09-09,12.51,12.22,12.53,12.13,1299839
2019-09-10,12.13,12.08,12.17,11.94,796871
2019-09-11,12.13,12.09,12.24,11.99,818614
2019-09-12,12.19,12.21,12.31,12.06,1150688
2019-09-16,12.23,11.98,12.25,11.93,929894
2019-09-17,11.89,11.77,11.98,11.71,882656
2019-09-18,11.77,11.94,12.01,11.77,820436
2019-09-19,12.01,12.37,12.42,12.01,1884021
2019-09-20,12.48,12.87,12.93,12.46,2644285
2019-09-23,12.87,12.91,13.0,12.71,1403282
2019-09-24,13.0,12.71,13.07,12.71,1129103
2019-09-25,12.73,13.28,13.38,12.72,1938893
2019-09-26,13.39,13.24,13.57,13.19,1686593
2019-09-27,13.38,13.43,13.53,13.23,1007706
2019-09-30,13.28,13.12,13.42,13.1,1046363
2019-10-08,13.13,13.73,13.76,13.13,1386676
2019-10-09,13.63,13.78,14.05,13.55,1316693
2019-10-10,13.8,13.77,13.8,13.52,879747
2019-10-11,13.73,14.34,14.48,13.73,1405423
2019-10-14,14.5,14.75,15.13,14.45,1557637
2019-10-15,14.78,14.71,14.88,14.35,881955
2019-10-16,14.79,14.32,14.97,14.16,1267671
2019-10-17,14.43,14.23,14.53,14.08,1126182
2019-10-18,14.33,14.04,14.57,13.96,1196799
2019-10-21,13.96,14.42,14.5,13.96,945952
2019-10-22,14.44,13.95,14.46,13.56,1883531
2019-10-23,13.85,13.98,14.2,13.76,967535
2019-10-24,14.03,14.4,14.53,13.97,1109215
2019-10-25,14.31,14.41,14.49,14.11,691436
2019-10-28,14.51,14.19,14.57,14.01,1070131
2019-10-29,14.22,14.44,14.46,14.09,788865
2019-10-30,14.33,13.96,14.49,13.95,854317
2019-10-31,13.95,13.79,14.0,13.77,862569
2019-11-01,13.88,14.39,14.53,13.81,1254655
2019-11-04,14.51,14.45,14.78,14.3,889824
2019-11-05,14.33,14.68,14.97,14.32,1172486
2019-11-06,14.59,14.49,14.79,14.41,863325
2019-11-07,14.46,14.42,14.6,14.28,711897
2019-11-08,14.51,14.18,14.55,14.17,849139
2019-11-11,14.03,13.81,14.06,13.73,953516
2019-11-12,13.82,13.86,13.9,13.69,516266
2019-11-13,13.82,13.86,13.99,13.59,655121
2019-11-14,13.96,13.85,14.01,13.78,468900
2019-11-15,13.92,13.87,14.08,13.77,569228
2019-11-18,13.88,13.98,14.08,13.76,557918
2019-11-19,13.98,13.94,14.01,13.84,562120
2019-11-20,13.83,13.38,13.83,13.3,1724384
2019-11-21,13.28,13.39,13.4,13.16,772563
2019-11-22,13.42,13.12,13.45,13.08,773474
2019-11-25,13.17,13.33,13.37,13.07,783258
2019-11-26,13.42,13.15,13.42,13.02,815298
2019-11-27,13.17,13.0,13.17,12.92,476170
2019-11-28,13.0,13.02,13.07,12.97,378017
2019-11-29,13.07,12.82,13.08,12.71,653867
2019-12-02,12.88,12.89,12.96,12.76,553877
2019-12-03,12.83,12.98,12.99,12.74,455418
2019-12-04,12.87,12.84,12.94,12.74,524545
2019-12-05,12.88,12.96,13.01,12.83,557084
2019-12-06,13.0,13.13,13.25,12.99,712615
2019-12-09,13.15,12.94,13.15,12.88,605993
2019-12-10,12.89,12.86,12.91,12.78,556384
2019-12-11,12.91,13.19,13.21,12.83,871505
2019-12-12,13.19,13.13,13.2,13.06,478999
2019-12-13,13.38,13.65,13.65,13.3,1053104
2019-12-16,13.65,13.66,13.67,13.4,787952
2019-12-17,13.53,14.03,14.16,13.51,1203105
2019-12-18,13.96,13.99,14.19,13.94,797091
2019-12-19,14.08,14.08,14.27,13.97,675537
2019-12-20,14.08,14.12,14.21,13.97,644478
2019-12-23,14.21,13.77,14.21,13.7,715793
2019-12-24,13.76,13.93,14.03,13.76,459128
2019-12-25,13.98,13.83,14.09,13.77,414918
2019-12-26,13.87,14.0,14.01,13.85,372034
2019-12-27,14.06,14.16,14.46,13.96,1042575
2019-12-30,13.99,14.1,14.16,13.63,976970
2019-12-31,14.1,13.98,14.16,13.84,704442
2020-01-02,14.18,14.4,14.48,14.08,1530232
2020-01-03,14.47,14.71,14.84,14.45,1116195
2020-01-06,14.54,14.6,14.87,14.44,862084
2020-01-07,14.66,14.68,14.81,14.48,728608
2020-01-08,14.53,14.19,14.58,14.16,847824
2020-01-09,14.34,14.32,14.46,14.06,1031637
2020-01-10,14.32,14.22,14.34,14.05,585548
2020-01-13,14.28,14.52,14.56,14.14,872133
2020-01-14,14.52,14.29,14.8,14.29,1304494
2020-01-15,14.32,14.05,14.39,13.98,859439
2020-01-16,14.05,13.86,14.1,13.73,1028105
2020-01-17,13.91,13.92,14.08,13.88,605437
2020-01-20,13.96,13.98,14.14,13.88,746075
2020-01-21,13.87,13.53,13.87,13.46,896603
2020-01-22,13.45,13.62,13.69,13.24,719465
2020-01-23,13.45,13.07,13.45,12.92,1100592
2020-02-03,11.52,11.52,12.23,11.52,2259195
2020-02-04,11.58,12.13,12.19,11.55,1706172
2020-02-05,12.12,12.16,12.42,11.85,1491380
2020-02-06,12.34,12.3,12.4,12.04,1185816
2020-02-07,12.13,12.15,12.22,11.94,924853
2020-02-10,12.04,12.03,12.06,11.83,1339495
2020-02-11,12.13,12.32,12.47,12.09,1407507
2020-02-12,12.32,12.3,12.35,12.13,1070503
2020-02-13,12.24,12.18,12.41,12.14,1013205
2020-02-14,12.28,12.56,12.67,12.23,1512435
2020-02-17,12.57,12.9,12.9,12.46,1543696
2020-02-18,12.86,12.73,12.86,12.54,973612
2020-02-19,12.63,12.77,12.9,12.61,874107
2020-02-20,12.8,13.12,13.15,12.63,1235444
2020-02-21,13.02,13.11,13.25,12.98,995071
2020-02-24,12.99,12.76,12.99,12.68,1191795
2020-02-25,12.53,12.57,12.66,12.31,1144575
2020-02-26,12.3,12.52,12.8,12.23,1176599
2020-02-27,12.49,12.64,12.68,12.42,975271
2020-02-28,12.38,12.03,12.57,11.99,1300644
2020-03-02,12.08,12.32,12.48,11.99,1116581
2020-03-03,12.49,12.25,12.52,12.16,1153584
2020-03-04,12.21,12.22,12.31,12.04,862595
2020-03-05,12.33,12.92,13.17,12.26,2686602
2020-03-06,12.71,12.56,12.8,12.55,1228531
2020-03-09,12.24,11.98,12.26,11.95,1665794
2020-03-10,11.91,12.29,12.38,11.91,1167865
2020-03-11,12.3,12.22,12.41,12.15,814382
2020-03-12,12.18,12.21,12.37,12.06,986497
2020-03-13,11.43,12.05,12.11,11.43,1169766
2020-03-16,11.98,11.28,11.99,11.28,1406202
2020-03-17,11.28,10.94,11.5,10.66,1177849
2020-03-18,10.94,10.24,11.08,10.18,1384784
2020-03-19,10.21,9.76,10.27,9.44,1891457
2020-03-20,9.93,10.05,10.21,9.79,1578353
2020-03-23,9.53,9.68,9.88,9.46,1071114
2020-03-24,9.93,10.14,10.21,9.8,1180200
2020-03-25,10.41,10.4,10.6,10.23,1136958
2020-03-26,10.31,10.59,10.87,10.25,1075192
2020-03-27,10.78,10.68,10.91,10.61,653019
2020-03-30,10.38,10.47,10.57,10.29,661739
2020-03-31,10.58,10.33,10.62,10.31,513370
2020-04-01,10.39,10.42,10.66,10.35,520836
2020-04-02,10.28,10.5,10.5,10.19,518365
2020-04-03,10.35,10.14,10.42,10.08,825348
2020-04-07,10.42,10.41,10.47,10.34,870314
2020-04-08,10.41,10.31,10.45,10.25,528716
2020-04-09,10.41,10.27,10.42,10.25,408554
2020-04-10,10.29,10.32,10.51,10.18,666675
2020-04-13,10.2,10.12,10.24,10.0,446214
2020-04-14,10.18,10.39,10.39,10.1,686087
2020-04-15,10.39,10.4,10.46,10.31,656396
2020-04-16,10.32,10.21,10.32,10.07,789155
2020-04-17,10.3,10.42,10.57,10.18,1331165
2020-04-20,10.39,10.52,10.58,10.3,818456
2020-04-21,10.83,10.98,11.23,10.83,2122448
2020-04-22,10.9,10.76,10.95,10.69,1032803
2020-04-23,10.76,10.76,10.84,10.64,646990
2020-04-24,10.7,10.77,10.81,10.64,566002
2020-04-27,10.83,11.03,11.17,10.78,936830
2020-04-28,10.98,11.05,11.09,10.8,771564
2020-04-29,11.01,11.55,11.63,10.98,1108722
2020-04-30,11.55,11.46,11.85,11.41,819540
2020-05-06,11.29,11.3,11.42,11.14,1008998
2020-05-07,11.29,11.22,11.29,11.13,662749
2020-05-08,11.29,11.48,11.55,11.21,934782
2020-05-11,11.45,11.53,11.66,11.43,612862
2020-05-12,11.48,11.32,11.58,11.25,558511
2020-05-13,11.28,11.16,11.31,11.06,640359
2020-05-14,11.08,10.83,11.12,10.75,944672
2020-05-15,10.92,10.76,10.96,10.67,756794
2020-05-18,10.73,10.73,10.87,10.65,637209
2020-05-19,10.94,10.89,10.98,10.8,600369
2020-05-20,10.91,11.04,11.15,10.8,690851
2020-05-21,11.05,10.93,11.1,10.89,552312
2020-05-22,10.86,10.45,10.87,10.45,856237
2020-05-25,10.5,10.49,10.51,10.29,410171
2020-05-26,10.55,10.57,10.6,10.47,396212
2020-05-27,10.58,10.53,10.72,10.49,482963
2020-05-28,10.61,10.81,10.92,10.55,960760
2020-05-29,10.75,10.74,10.78,10.66,457808
2020-06-01,10.84,11.06,11.13,10.82,882961
2020-06-02,11.03,11.29,11.37,11.02,883459
2020-06-03,11.38,11.28,11.62,11.24,956803
2020-06-04,11.27,11.31,11.38,11.15,583066
2020-06-05,11.34,11.33,11.36,11.17,383027
2020-06-08,11.42,11.36,11.59,11.32,585972
2020-06-09,11.38,11.41,11.47,11.27,474300
2020-06-10,11.45,11.23,11.45,11.14,580476
2020-06-11,11.12,10.82,11.13,10.74,1349040
2020-06-12,10.64,10.73,10.76,10.61,1030551
2020-06-15,10.59,10.56,10.71,10.54,660313
2020-06-16,10.64,10.63,10.73,10.6,718059
2020-06-17,10.63,10.59,10.66,10.5,716468
2020-06-18,10.5,10.5,10.54,10.33,1119648
2020-06-19,10.47,10.54,10.58,10.35,1539522
2020-06-22,10.48,10.38,10.5,10.36,1319080
2020-06-23,10.39,10.34,10.43,10.26,990807
2020-06-24,10.38,10.54,10.62,10.34,1523220
2020-06-29,10.66,10.54,10.71,10.45,1038480
2020-06-30,10.57,10.54,10.62,10.46,937940
2020-07-01,10.53,10.86,10.89,10.48,1697390
2020-07-02,10.82,11.17,11.23,10.71,2590501
2020-07-03,11.31,11.99,12.06,11.3,3768334
2020-07-06,12.34,13.42,13.42,12.33,4711461
2020-07-07,14.04,13.22,14.37,12.77,3964428
2020-07-08,12.97,13.5,13.74,12.97,2631339
2020-07-09,13.4,13.27,13.4,13.05,2243994
2020-07-10,13.09,12.6,13.22,12.5,2158773
2020-07-13,12.44,12.63,12.82,12.24,1937160
2020-07-14,12.64,12.42,12.93,12.29,1953566
2020-07-15,12.52,12.01,12.6,11.97,2042563
2020-07-16,12.04,11.89,12.29,11.86,1930891
2020-07-17,11.91,11.88,12.02,11.69,1291347
2020-07-20,11.97,12.47,12.51,11.84,1979632
2020-07-21,12.42,12.23,12.42,12.14,1252866
2020-07-22,12.23,12.15,12.39,12.01,1312952
2020-07-23,11.98,11.75,12.03,11.55,2027526
2020-07-24,11.71,11.24,11.73,11.16,1830882
2020-07-27,11.41,10.98,11.42,10.84,1880653
2020-07-28,11.08,11.08,11.17,10.92,1217006
2020-07-29,11.09,11.28,11.37,10.95,1519580
2020-07-30,11.24,11.11,11.25,11.11,964068
2020-07-31,11.02,11.08,11.27,10.99,1165822
2020-08-03,11.21,11.33,11.36,11.17,1445096
2020-08-04,11.4,11.78,11.89,11.22,2445663
2020-08-05,11.56,11.5,11.59,11.36,1440203
2020-08-06,11.56,11.64,11.7,11.39,1352511
2020-08-07,11.54,11.44,11.64,11.36,988678
2020-08-10,11.41,11.69,11.76,11.36,1587710
2020-08-11,11.71,11.87,12.4,11.71,2603308
2020-08-12,11.95,12.12,12.24,11.89,1596812
2020-08-13,12.14,11.92,12.2,11.88,837262
2020-08-14,11.84,12.21,12.25,11.8,1103216
2020-08-17,12.34,12.93,13.09,12.29,3268028
2020-08-18,12.94,12.89,13.04,12.65,1350261
2020-08-19,12.85,12.84,13.09,12.7,1420928
2020-08-20,12.75,12.33,12.88,12.27,1333802
2020-08-21,12.45,12.19,12.45,12.06,1234517
2020-08-24,12.24,12.2,12.45,12.15,919449
2020-08-25,12.3,12.34,12.43,12.2,748320
2020-08-26,12.34,12.11,12.35,12.02,734118
2020-08-27,12.14,12.2,12.2,11.85,626667
2020-08-28,12.0,12.87,12.92,12.0,2410400
2020-08-31,13.04,12.82,13.42,12.73,1797130
2020-09-01,12.7,12.88,12.97,12.62,813643
2020-09-02,12.75,13.06,13.27,12.75,1679383
2020-09-03,13.06,12.64,13.07,12.58,1279842
2020-09-04,12.47,12.7,12.8,12.34,909890
2020-09-07,12.62,12.68,12.98,12.57,1031377
2020-09-08,12.74,13.17,13.17,12.74,1407602
2020-09-09,13.0,12.95,13.3,12.87,1013572
2020-09-10,13.06,13.08,13.22,12.94,957092
2020-09-11,12.92,12.75,13.04,12.56,954236
2020-09-14,12.75,13.04,13.04,12.66,680251
2020-09-15,12.94,13.09,13.22,12.89,657133
2020-09-16,13.06,13.18,13.28,12.95,722415
2020-09-17,13.28,13.31,13.46,13.14,988216
2020-09-18,13.36,13.81,13.83,13.26,1373193
2020-09-21,13.74,13.6,13.79,13.45,896162
2020-09-22,13.41,13.31,13.58,13.13,867756
2020-09-23,13.33,13.37,13.57,13.25,599200
2020-09-24,13.33,12.86,13.35,12.86,1061011
2020-09-25,12.94,12.93,13.05,12.85,614087
2020-09-28,12.93,13.05,13.11,12.72,612711
2020-09-29,13.13,12.54,13.15,12.5,1182374
2020-09-30,12.54,12.91,13.01,12.54,1217065
2020-10-09,13.04,12.92,13.29,12.87,900426
2020-10-12,12.96,13.64,13.79,12.95,1591347
2020-10-13,13.64,13.8,13.85,13.51,908819
2020-10-14,13.78,13.77,13.86,13.54,662562
2020-10-15,13.94,14.3,14.66,13.89,1600062
2020-10-16,14.3,14.84,15.11,14.28,2095614
2020-10-19,15.04,15.22,15.84,15.04,2016106
2020-10-20,15.22,15.28,15.34,14.99,960072
2020-10-21,15.38,15.65,15.74,15.07,1244560
2020-10-22,15.68,15.3,16.24,15.04,1890519
2020-10-23,15.27,15.87,16.52,15.27,1698502
2020-10-26,15.94,15.44,16.03,15.19,1175599
2020-10-27,15.74,15.5,15.74,15.24,1034865
2020-10-28,15.5,15.37,15.64,15.03,1205824
2020-10-29,15.28,15.51,15.67,15.09,846604
2020-10-30,15.48,15.49,16.1,15.34,1007804
2020-11-02,15.39,15.37,15.79,15.07,968453
2020-11-03,15.45,15.7,16.08,15.44,957869
2020-11-04,16.09,16.06,16.22,15.7,1247636
2020-11-05,16.11,15.44,16.24,15.28,1429469
2020-11-06,15.45,15.38,15.49,14.96,848782
2020-11-09,15.41,15.58,15.74,15.28,951424
2020-11-10,15.74,15.85,16.24,15.67,1021063
2020-11-11,15.94,15.55,16.04,15.34,940130
2020-11-12,15.55,15.4,15.68,15.19,677258
2020-11-13,15.16,14.92,15.21,14.43,1289189
2020-11-16,14.82,15.11,15.17,14.64,759857
2020-11-17,15.12,15.57,15.67,14.99,852931
2020-11-18,15.52,16.2,16.24,15.49,1373401
2020-11-19,16.33,16.59,16.72,16.04,1211741
2020-11-20,16.57,16.6,16.73,16.26,673919
2020-11-23,16.59,17.36,17.36,16.54,1165858
2020-11-24,17.36,17.1,17.42,16.91,678543
2020-11-25,17.22,16.8,17.44,16.79,552585
2020-11-26,16.79,17.24,17.35,16.77,639658
2020-11-27,17.74,17.44,17.74,17.12,753774
2020-11-30,17.64,17.48,18.62,17.33,1581441
2020-12-01,17.44,17.79,18.25,17.14,1263720
2020-12-02,17.67,17.37,17.8,17.26,889385
2020-12-03,17.52,17.28,17.6,16.91,714452
2020-12-04,17.21,17.04,17.21,16.71,891348
2020-12-07,17.05,16.65,17.13,16.42,873807
2020-12-08,16.66,16.45,16.77,16.27,719648
2020-12-09,16.53,16.45,16.79,16.42,677221
2020-12-10,16.47,16.39,16.62,16.19,607867
2020-12-11,16.45,16.26,16.54,15.96,887794
2020-12-14,16.34,16.62,16.8,16.24,835992
2020-12-15,16.54,16.48,16.59,15.89,788858
2020-12-16,16.54,16.75,16.84,16.32,689070
2020-12-17,16.65,16.69,16.81,16.34,686141
2020-12-18,16.74,16.1,16.84,15.97,1058756
2020-12-21,16.04,16.02,16.38,15.77,906878
2020-12-22,16.1,15.64,16.39,15.62,1028738
2020-12-23,15.7,15.74,15.81,15.53,750083
2020-12-24,15.89,16.0,16.23,15.79,632950
2020-12-25,16.0,15.78,16.0,15.54,577077
2020-12-28,15.76,16.59,16.6,15.7,1270337
2020-12-29,16.61,16.91,17.04,16.44,963092
2020-12-30,16.74,16.94,16.94,16.46,978498
2020-12-31,16.95,17.08,17.32,16.76,924503
2021-01-04,16.84,16.34,16.84,16.18,1554216
2021-01-05,16.14,15.91,16.22,15.54,1821352
2021-01-06,15.82,17.3,17.3,15.74,1934945
2021-01-07,17.26,17.64,17.72,16.97,1584185
2021-01-08,17.64,17.59,17.84,17.05,1195473
2021-01-11,17.74,18.12,18.38,17.74,1790457
2021-01-12,18.13,18.74,18.74,17.92,1288166
2021-01-13,18.74,18.44,18.75,18.14,1049120
2021-01-14,18.42,17.91,18.63,17.69,1130156
2021-01-15,18.74,18.74,19.69,18.56,2480689
2021-01-18,18.94,20.44,20.52,18.94,2157302
2021-01-19,20.25,20.08,20.58,19.79,1242088
2021-01-20,19.89,20.21,20.71,19.86,1280793
2021-01-21,20.24,19.97,20.54,19.89,944779
2021-01-22,19.97,19.77,19.97,19.25,924434
2021-01-25,19.46,20.23,20.34,19.17,1028365
2021-01-26,20.04,20.11,21.06,20.04,1126721
2021-01-27,20.05,20.82,21.21,20.05,1294153
2021-01-28,20.52,20.55,20.92,20.19,857477
2021-01-29,20.55,20.83,21.28,20.45,1240258
2021-02-01,20.74,22.29,22.73,20.44,1475239
2021-02-02,21.12,21.02,21.84,20.65,2416169
2021-02-03,21.22,22.69,22.92,21.12,1923272
2021-02-04,21.92,22.34,22.98,21.78,1255248
2021-02-05,22.34,22.67,23.05,22.01,1015576
2021-02-08,22.64,22.54,22.64,21.84,1084265
2021-02-09,22.53,22.32,22.58,21.91,942094
2021-02-10,22.34,21.56,22.7,21.12,1918867
2021-02-18,21.74,22.04,22.29,21.22,1505231
2021-02-19,21.7,21.59,21.93,21.31,922583
2021-02-22,21.54,20.12,21.54,20.0,1956842
2021-02-23,20.12,19.67,20.42,19.56,1870460
2021-02-24,20.01,19.9,20.02,19.3,1428500
2021-02-25,20.14,19.83,20.3,19.42,1593403
2021-02-26,19.34,19.12,19.7,18.95,1124977
2021-03-01,19.28,19.19,19.42,18.92,1125387
2021-03-02,19.36,19.39,19.89,19.0,1473425
2021-03-03,19.32,20.75,20.82,19.2,1919635
2021-03-04,20.51,20.66,21.23,20.39,1213579
2021-03-05,20.44,20.08,20.72,19.6,880171
2021-03-08,20.18,19.34,20.43,19.22,993774
2021-03-09,19.42,18.59,19.66,18.32,1361895
2021-03-10,18.58,18.14,18.65,18.02,1149417
2021-03-11,18.32,19.01,19.12,18.3,1048659
2021-03-12,19.11,19.22,19.44,18.94,697201
2021-03-15,19.14,19.34,19.86,18.85,958749
2021-03-16,19.34,19.4,19.85,19.01,939684
2021-03-17,19.19,18.94,19.29,18.64,821489
2021-03-18,19.04,19.47,19.47,18.74,691610
2021-03-19,19.27,18.21,19.39,18.11,1525622
2021-03-22,18.29,19.29,19.29,18.27,1451190
2021-03-23,19.31,18.97,19.39,18.7,682903
2021-03-24,18.95,18.27,19.02,18.19,850085
2021-03-25,18.32,18.49,18.57,18.14,492666
2021-03-26,18.58,18.88,19.14,18.5,822108
2021-03-29,19.02,19.23,19.39,18.94,785667
2021-03-30,19.12,19.67,19.67,18.95,738655
2021-03-31,19.51,19.75,19.81,19.34,777028
2021-04-01,19.82,19.52,19.85,19.24,544449
2021-04-02,19.44,19.24,19.47,19.1,581084
2021-04-06,19.29,19.42,19.83,19.25,401103
2021-04-07,19.62,19.38,19.67,19.05,517605
2021-04-08,19.2,19.3,19.47,19.07,383030
2021-04-09,19.45,19.04,19.46,18.82,398960
2021-04-12,19.25,18.44,19.25,18.37,594743
2021-04-13,18.46,18.52,18.62,18.33,499904
2021-04-14,18.53,18.41,18.68,18.16,537438
2021-04-15,18.5,18.1,18.51,17.82,735865
2021-04-16,18.1,18.0,18.17,17.55,729998
2021-04-19,17.77,18.89,18.98,17.65,1112283
2021-04-20,18.82,19.43,19.69,18.66,834773
2021-04-21,20.04,20.75,20.93,20.03,1597100
2021-04-22,20.93,20.72,20.97,20.52,829694
2021-04-23,21.06,21.03,21.39,20.81,823230
2021-04-26,21.61,20.68,21.97,20.64,872418
2021-04-27,20.69,20.68,20.93,20.6,470431
2021-04-28,21.03,21.09,21.19,20.52,593838
2021-04-29,21.08,21.33,21.45,20.85,614837
2021-04-30,21.09,21.03,21.23,20.75,561981
2021-05-06,20.84,21.24,21.44,20.84,500295
2021-05-07,21.41,21.79,22.04,21.13,802214
2021-05-10,21.74,21.6,21.78,20.76,661439
2021-05-11,21.36,21.27,21.49,20.8,497223
2021-05-12,21.03,21.29,21.38,20.62,533265
2021-05-13,21.26,20.81,21.33,20.58,549653
2021-05-14,21.06,21.24,21.35,20.52,563785
2021-05-17,21.07,21.52,21.74,20.87,527565
2021-05-18,21.77,21.82,22.03,21.32,395415
2021-05-19,21.74,21.52,22.05,21.44,429420
2021-05-20,21.33,21.74,21.76,21.19,405788
2021-05-21,21.8,21.41,22.01,20.95,539336
2021-05-24,21.4,21.4,21.52,21.11,343936
2021-05-25,21.46,22.52,22.65,21.37,972375
2021-05-26,22.56,22.93,23.04,22.42,919264
2021-05-27,22.83,22.71,23.08,22.44,504091
2021-05-28,22.6,22.42,22.63,22.08,492401
2021-05-31,22.25,22.12,22.45,21.83,515351
2021-06-01,22.12,21.84,22.17,21.42,625018
2021-06-02,21.81,21.81,21.84,21.3,497527
2021-06-03,21.64,21.69,22.06,21.6,400901
2021-06-04,21.91,22.46,22.88,21.72,756739
2021-06-07,22.4,22.22,22.4,21.85,447914
2021-06-08,22.07,22.45,22.49,21.87,570078
2021-06-09,22.35,22.57,22.8,22.1,453832
2021-06-10,22.58,22.12,22.98,22.07,530215
2021-06-11,22.23,21.29,22.27,21.04,834665
2021-06-15,21.27,21.14,21.35,20.72,660623
2021-06-16,21.14,21.18,21.32,20.93,378208
2021-06-17,20.94,21.02,21.61,20.94,453282
2021-06-18,21.05,20.57,21.2,20.31,694099
2021-06-21,20.52,20.08,20.59,19.93,718273
2021-06-22,20.3,20.89,21.01,20.17,757751
2021-06-23,20.77,21.06,21.33,20.64,447908
2021-06-24,20.95,21.0,21.04,20.6,390283
2021-06-25,21.0,21.28,21.52,20.98,559973
2021-06-28,21.28,20.7,21.31,20.4,626257
2021-06-29,20.5,20.26,20.71,19.92,1049749
2021-06-30,20.28,20.54,20.85,20.27,403435
2021-07-01,20.73,21.12,21.42,20.44,664833
2021-07-02,20.64,19.73,20.66,19.68,1070678
2021-07-05,19.61,19.98,20.07,19.01,859341
2021-07-06,20.0,20.7,20.92,19.77,791957
2021-07-07,20.6,20.47,20.97,20.42,468945
2021-07-08,20.7,19.43,20.7,19.12,1457059
2021-07-09,19.22,19.19,19.55,18.94,762365
2021-07-12,19.42,19.08,19.42,18.81,877901
2021-07-13,19.07,19.04,19.26,18.46,657614
2021-07-14,18.92,18.68,18.92,18.33,847951
2021-07-15,18.64,19.54,19.64,18.55,956003
2021-07-16,19.33,19.26,19.74,19.22,573003
2021-07-19,19.28,19.13,19.35,18.7,522136
2021-07-20,19.02,18.52,19.12,18.39,804034
2021-07-21,18.5,18.37,18.72,18.12,753077
2021-07-22,18.37,18.3,18.58,18.16,868648
2021-07-23,18.3,18.02,18.3,17.92,727404
2021-07-26,17.88,16.72,17.91,16.35,1451304
2021-07-27,16.79,15.68,16.91,15.52,1357551
2021-07-28,15.77,15.67,15.99,15.6,1062994
2021-07-29,15.83,15.88,16.16,15.7,872378
2021-07-30,15.84,15.61,15.97,15.16,950156
2021-08-02,15.56,15.93,16.06,15.1,1159923
2021-08-03,15.91,15.81,16.07,15.58,896949
2021-08-04,15.96,15.73,15.99,15.52,729620
2021-08-05,15.62,15.6,15.97,15.5,621574
2021-08-06,15.47,15.78,15.82,15.37,567454
2021-08-09,15.83,16.98,17.17,15.76,1752798
2021-08-10,17.01,17.65,17.9,16.82,1301988
2021-08-11,17.91,17.73,18.5,17.62,1048308
2021-08-12,17.71,17.81,18.22,17.55,666458
2021-08-13,17.7,17.81,17.84,17.42,562885
2021-08-16,18.01,17.87,18.12,17.49,627050
2021-08-17,17.77,17.59,18.14,17.53,476022
2021-08-18,17.59,18.54,19.12,17.47,1332732
2021-08-19,18.4,18.26,18.54,17.94,649976
2021-08-20,17.89,17.34,17.99,16.62,1614628
2021-08-23,17.42,17.22,17.97,17.03,1191849
2021-08-24,17.27,17.28,17.89,17.13,868953
2021-08-25,17.34,17.08,17.39,16.87,698084
2021-08-26,17.12,16.38,17.18,16.33,951619
2021-08-27,16.48,16.31,16.8,16.23,728820
2021-08-30,16.13,15.64,16.21,15.47,1252211
2021-08-31,15.64,15.72,15.85,15.23,1174868
2021-09-01,15.4,15.8,15.84,14.93,2316894
2021-09-02,15.92,16.32,16.7,15.72,2422604
2021-09-03,16.42,15.96,16.42,15.62,1394819
2021-09-06,15.85,16.37,16.52,15.7,1515226
2021-09-07,16.52,17.16,17.48,16.27,1622344
2021-09-08,17.16,17.15,17.47,17.02,1026201
2021-09-09,17.03,16.92,17.07,16.72,739506
2021-09-10,16.81,18.49,18.69,16.76,2314945
2021-09-13,18.28,18.13,18.43,17.73,1297228
2021-09-14,18.1,17.29,18.19,17.19,1158173
2021-09-15,17.23,17.44,18.91,17.11,841618
2021-09-16,17.22,17.0,17.42,16.65,1176954
2021-09-17,16.82,16.45,16.92,16.33,1124880
2021-09-22,15.79,15.9,15.97,15.34,1473365
2021-09-23,16.02,15.6,16.24,15.57,1379838
2021-09-24,15.52,15.27,15.6,15.26,1265696
2021-09-27,15.13,15.49,15.6,14.98,1140668
2021-09-28,15.39,15.89,16.09,15.37,1293167
2021-09-29,15.78,16.07,16.36,15.63,1230122
2021-09-30,16.01,15.85,16.12,15.63,795611
2021-10-08,16.09,16.56,16.81,15.94,1159201
2021-10-11,16.92,17.32,17.66,16.92,1455338
2021-10-12,17.22,17.27,17.63,17.12,1031232
2021-10-13,17.22,17.5,17.83,17.09,807897
2021-10-14,17.51,17.13,17.84,16.81,842990
2021-10-15,16.92,17.58,17.82,16.92,993494
2021-10-18,17.37,17.21,17.47,17.02,729623
2021-10-19,17.07,17.49,17.6,17.07,682415
2021-10-20,17.67,17.16,17.7,17.11,662956
2021-10-21,17.44,17.92,17.98,17.17,1621661
2021-10-22,18.08,17.96,18.51,17.72,1134964
2021-10-25,17.63,18.04,18.12,17.42,730828
2021-10-26,17.98,17.97,18.37,17.78,652807
2021-10-27,17.92,17.84,18.09,17.51,687600
2021-10-28,17.72,17.64,17.86,17.29,619011
2021-10-29,17.55,17.42,17.66,17.24,539930
2021-11-01,17.25,17.31,17.65,16.93,841490
2021-11-02,17.29,16.1,17.41,15.91,1997691
2021-11-03,16.02,15.95,16.16,15.77,1114972
2021-11-04,16.0,15.79,16.02,15.72,983411
2021-11-05,15.77,15.56,15.92,15.49,1096040
2021-11-08,15.54,15.34,15.73,15.28,1376815
2021-11-09,15.4,15.45,15.57,15.18,1240573
2021-11-10,15.38,15.32,15.39,15.08,1220851
2021-11-11,15.27,16.27,16.35,15.24,2084729
2021-11-12,16.23,16.19,16.55,16.03,957546
2021-11-15,16.27,16.35,16.55,16.12,655090
2021-11-16,16.28,16.14,16.46,16.09,601110
2021-11-17,16.07,16.03,16.22,15.9,664640
2021-11-18,16.01,15.72,16.04,15.65,799844
2021-11-19,15.72,16.07,16.16,15.62,786372
2021-11-22,15.95,16.04,16.17,15.82,738618
2021-11-23,16.03,15.8,16.27,15.6,1235978
2021-11-24,15.69,15.79,15.87,15.58,741311
2021-11-25,15.66,15.6,15.71,15.55,603533
2021-11-26,15.54,15.5,15.59,15.44,694500
2021-11-29,15.33,15.43,15.49,15.28,512595
2021-11-30,15.46,15.36,15.6,15.27,733616
2021-12-01,15.35,15.56,15.69,15.29,706925
2021-12-02,15.54,15.51,15.73,15.29,994798
2021-12-03,15.56,15.57,15.62,15.33,707600
2021-12-06,15.77,16.02,16.48,15.72,2145625
2021-12-07,16.22,16.38,16.59,16.07,1616444
2021-12-08,16.37,16.39,16.47,16.08,980281
2021-12-09,16.41,16.62,16.98,16.29,1455887
2021-12-10,16.43,16.3,16.62,16.19,989255
2021-12-13,16.39,16.19,16.8,16.1,1314490
2021-12-14,16.08,15.5,16.09,15.44,1937209
2021-12-15,15.43,15.47,15.58,15.32,1294627
2021-12-16,15.47,15.64,15.65,15.38,819480
2021-12-17,15.62,15.49,15.67,15.49,602370
2021-12-20,15.48,15.44,15.57,15.37,746435
2021-12-21,15.41,15.51,15.63,15.4,893734
2021-12-22,15.54,15.31,15.56,15.22,976928
2021-12-23,15.32,15.24,15.35,15.13,1059576
2021-12-24,15.25,15.23,15.27,15.13,488251
2021-12-27,15.25,15.14,15.27,15.08,731119
2021-12-28,15.14,15.09,15.25,15.01,1126639
2021-12-29,15.08,14.67,15.08,14.62,1469374
2021-12-30,14.68,14.74,14.87,14.64,796664
2021-12-31,14.78,14.4,14.82,14.32,1750761
2022-01-04,14.4,14.58,14.58,14.1,1169259
2022-01-05,14.5,15.07,15.14,14.47,1961998
2022-01-06,15.03,15.04,15.19,14.92,1107885
2022-01-07,15.02,15.12,15.2,14.98,1126631
2022-01-10,15.21,15.11,15.34,14.95,909774
2022-01-11,15.18,15.33,15.46,15.06,1581999
2022-01-12,15.33,14.92,15.37,14.82,1502164
2022-01-13,14.83,14.9,15.16,14.74,909423
2022-01-14,14.92,14.25,14.94,14.22,2103095
2022-01-17,14.27,14.14,14.4,14.04,1143689
2022-01-18,14.17,14.44,14.46,14.08,1152974
2022-01-19,14.46,14.42,14.61,14.28,988392
2022-01-20,14.39,15.25,15.38,14.34,3031194
2022-01-21,15.37,15.27,15.48,15.13,1481683
2022-01-24,15.26,15.12,15.3,14.9,874771
2022-01-25,15.0,14.77,15.0,14.73,1093284
2022-01-26,14.87,14.57,15.02,14.46,984975
2022-01-27,14.42,14.22,14.46,14.17,1024643
2022-01-28,14.31,13.75,14.37,13.74,1675564
2022-02-07,13.94,14.31,14.33,13.81,1515476
2022-02-08,14.22,14.75,14.89,14.18,1754695
2022-02-09,14.84,14.78,14.92,14.63,1051162
2022-02-10,14.69,14.91,14.95,14.59,784557
2022-02-11,14.95,15.02,15.26,14.95,1078139
2022-02-14,15.02,14.5,15.07,14.43,1150659
2022-02-15,14.42,14.2,14.59,14.02,1208264
2022-02-16,14.27,14.33,14.45,14.13,782400
2022-02-17,14.31,14.34,14.47,14.24,794502
2022-02-18,14.24,14.69,14.69,14.23,802499
2022-02-21,14.58,14.43,14.59,14.24,800995
2022-02-22,14.23,14.15,14.36,14.08,894957
2022-02-23,14.22,14.11,14.23,13.96,886742
2022-02-24,14.05,13.83,14.07,13.72,1324087
2022-02-25,13.91,13.82,14.0,13.79,726397
2022-02-28,13.82,13.67,13.84,13.54,723990
2022-03-01,13.71,13.84,13.87,13.54,935040
2022-03-02,13.71,13.6,13.79,13.58,760761
2022-03-03,13.65,13.63,13.73,13.55,578285
2022-03-04,13.54,13.25,13.55,13.2,990936
2022-03-07,13.09,12.64,13.09,12.58,1113159
2022-03-08,12.54,12.23,12.78,12.17,1003033
2022-03-09,12.32,11.76,12.37,11.14,1800760
2022-03-10,12.1,12.49,12.67,12.01,2249158
2022-03-11,12.32,12.82,12.9,12.07,1493647
2022-03-14,12.55,12.41,12.85,12.37,1118407
2022-03-15,12.32,11.6,12.32,11.52,1781409
2022-03-16,11.78,12.23,12.32,11.43,1531779
2022-03-17,12.58,12.37,12.63,12.16,1730061
2022-03-18,12.28,12.62,12.77,12.06,1528807
2022-03-21,12.42,12.51,12.74,12.31,1208868
2022-03-22,12.51,13.1,13.14,12.42,1628657
2022-03-23,13.03,12.92,13.11,12.82,1050102
2022-03-24,12.84,13.12,13.23,12.73,1002360
2022-03-25,13.07,12.9,13.17,12.74,742933
2022-03-28,12.72,12.77,12.97,12.55,727137
2022-03-29,12.8,12.6,12.87,12.52,615643
2022-03-30,12.78,13.13,13.19,12.68,1236792
2022-03-31,13.02,13.3,13.49,12.98,1163747
2022-04-01,13.29,13.67,13.71,13.12,1484879
2022-04-06,13.56,14.31,14.46,13.55,2488540
2022-04-07,14.3,14.2,14.58,14.12,1659065
2022-04-08,14.18,14.32,14.37,14.05,1066779
2022-04-11,14.27,13.97,14.32,13.72,1416735
2022-04-12,13.97,13.84,14.18,13.58,1039261
2022-04-13,13.81,13.72,14.0,13.64,890628
2022-04-14,13.92,13.96,14.17,13.84,929615
2022-04-15,13.82,14.34,14.45,13.78,1231761
2022-04-18,14.07,13.82,14.12,13.73,1086888
2022-04-19,13.82,13.73,13.89,13.54,821772
2022-04-20,13.73,13.77,13.97,13.62,716555
2022-04-21,13.69,13.73,13.9,13.62,709891
2022-04-22,13.56,13.98,14.11,13.32,921274
2022-04-25,13.59,12.77,13.83,12.7,1664481
2022-04-26,12.8,12.65,12.9,12.37,988210
2022-04-27,12.9,13.57,13.57,12.88,1490295
2022-04-28,13.49,13.57,13.85,13.29,911772
2022-04-29,13.61,13.24,13.66,12.89,1645013
2022-05-05,13.12,13.24,13.37,13.07,790196
2022-05-06,12.94,12.88,13.12,12.83,832432
2022-05-09,12.86,12.47,12.86,12.38,818621
2022-05-10,12.42,12.51,12.52,12.03,992285
2022-05-11,12.46,12.55,12.76,12.36,848574
2022-05-12,12.4,12.3,12.48,12.25,685064
2022-05-13,12.42,12.53,12.58,12.41,676312
2022-05-16,12.58,12.33,12.65,12.27,668228
2022-05-17,12.43,12.63,12.64,12.24,931406
2022-05-18,12.77,12.67,12.81,12.59,778578
2022-05-19,12.47,12.54,12.62,12.42,590922
2022-05-20,12.62,12.94,12.96,12.59,948598
2022-05-23,12.99,12.75,12.99,12.68,647726
2022-05-24,12.79,12.32,12.79,12.32,933557
2022-05-25,12.35,12.31,12.41,12.22,603228
2022-05-26,12.33,12.11,12.35,11.99,1011318
2022-05-27,12.21,12.1,12.27,12.03,723067
2022-05-30,12.18,12.0,12.2,11.96,896901
2022-05-31,11.99,12.08,12.1,11.92,938869
2022-06-01,12.06,12.0,12.06,11.92,845299
2022-06-02,11.94,11.87,11.95,11.8,979268
2022-06-06,11.83,12.09,12.09,11.56,1710852
2022-06-07,11.94,12.08,12.17,11.91,1315113
2022-06-08,12.08,12.08,12.09,11.93,1145521
2022-06-09,12.06,12.27,12.38,12.02,1632901
2022-06-10,12.18,12.24,12.25,12.05,1346012
2022-06-13,12.1,11.83,12.11,11.8,1547753
2022-06-14,11.63,12.04,12.05,11.63,1151429
2022-06-15,12.02,12.66,13.03,11.98,3413544
2022-06-16,12.66,12.36,12.75,12.34,1332546
2022-06-17,12.24,12.37,12.45,12.12,1053788
2022-06-20,12.36,12.26,12.36,12.18,1032167
2022-06-21,12.26,12.29,12.55,12.15,1321794
2022-06-22,12.28,12.0,12.28,12.0,1056046
2022-06-23,12.01,12.12,12.15,11.98,806028
2022-06-24,12.12,12.15,12.17,12.03,866041
2022-06-27,12.16,12.41,12.48,12.14,1497278
2022-06-28,12.39,12.55,12.59,12.33,1125110
2022-06-29,12.57,12.56,12.82,12.47,1266547
2022-06-30,12.55,12.9,12.94,12.47,1548745
2022-07-01,12.92,12.84,12.99,12.76,779243
2022-07-04,12.87,12.86,12.9,12.67,834968
2022-07-05,12.91,12.83,13.19,12.74,1115172
2022-07-06,12.75,12.45,12.85,12.38,1043335
2022-07-07,12.46,12.34,12.57,12.3,730161
2022-07-08,12.42,12.46,12.57,12.29,639698
2022-07-11,12.42,12.38,12.49,12.28,611692
2022-07-12,12.33,12.34,12.65,12.3,742882
2022-07-13,12.34,11.89,12.39,11.81,2175996
2022-07-14,11.62,11.29,11.63,11.21,2632121
2022-07-15,11.4,11.16,11.48,11.14,1598637
2022-07-18,11.17,11.31,11.36,11.13,1153506
2022-07-19,11.26,11.34,11.35,11.2,755597
2022-07-20,11.35,11.31,11.39,11.27,801459
2022-07-21,11.24,10.93,11.26,10.91,1970388
2022-07-22,10.99,10.96,11.08,10.77,1376510
2022-07-25,10.95,10.97,11.0,10.82,763956
2022-07-26,10.9,11.06,11.06,10.86,1024049
2022-07-27,11.0,10.94,11.03,10.88,923914
2022-07-28,10.96,11.03,11.06,10.93,750347
2022-07-29,11.03,10.83,11.05,10.8,831497
2022-08-01,10.81,10.57,10.81,10.55,1025733
2022-08-02,10.37,10.41,10.49,10.09,1373009
2022-08-03,10.34,10.18,10.42,10.16,746137
2022-08-04,10.25,10.31,10.32,10.17,602676
2022-08-05,10.28,10.46,10.48,10.13,765298
2022-08-08,10.4,10.35,10.51,10.31,552000
2022-08-09,10.36,10.27,10.37,10.23,558448
2022-08-10,10.27,10.21,10.39,10.17,683023
2022-08-11,10.23,10.5,10.54,10.19,1399304
2022-08-12,10.41,10.53,10.56,10.35,820504
2022-08-15,10.44,10.26,10.51,10.24,1172010
2022-08-16,10.26,10.28,10.35,10.25,631224
2022-08-17,10.3,10.55,10.57,10.22,1348507
2022-08-18,10.63,10.4,10.69,10.31,1269701
2022-08-19,10.42,10.72,10.9,10.38,2106417
2022-08-22,10.73,10.65,10.83,10.56,1138077
2022-08-23,10.6,10.49,10.64,10.43,921463
2022-08-24,10.48,10.55,10.69,10.48,1295375
2022-08-25,10.55,10.77,10.81,10.45,1064011
2022-08-26,10.83,10.76,10.9,10.61,927634
2022-08-29,10.65,10.57,10.71,10.46,924491
2022-08-30,10.58,10.63,10.69,10.43,799712
2022-08-31,10.53,10.9,10.93,10.51,1653042
2022-09-01,10.8,10.76,10.94,10.73,861982
2022-09-02,10.77,10.66,10.84,10.58,786363
2022-09-05,10.61,10.72,10.75,10.52,632040
2022-09-06,10.73,10.65,10.81,10.58,731295
2022-09-07,10.57,10.48,10.57,10.43,979813
2022-09-08,10.47,10.51,10.59,10.45,621117
2022-09-09,10.55,10.87,10.89,10.51,1951297
2022-09-13,11.03,11.1,11.17,10.81,1722690
2022-09-14,10.9,10.88,11.02,10.85,858036
2022-09-15,10.95,11.15,11.25,10.92,1841018
2022-09-16,11.07,10.71,11.1,10.71,1357448
2022-09-19,10.69,10.72,10.82,10.63,632121
2022-09-20,10.76,10.49,10.78,10.47,889989
2022-09-21,10.46,10.58,10.63,10.35,684197
2022-09-22,10.48,10.44,10.51,10.4,586133
2022-09-23,10.39,10.44,10.58,10.38,586441
2022-09-26,10.31,10.15,10.43,10.14,903729
2022-09-27,10.15,10.3,10.31,9.96,789622
2022-09-28,10.24,10.26,10.4,10.07,780926
2022-09-29,10.4,10.01,10.43,9.97,917718
2022-09-30,10.02,9.99,10.11,9.98,537230
2022-10-10,9.85,9.62,9.92,9.61,966080
2022-10-11,9.69,9.63,9.73,9.56,415253
2022-10-12,9.6,9.75,9.77,9.5,559572
2022-10-13,9.66,9.49,9.69,9.46,852616
2022-10-14,9.6,9.68,9.78,9.55,1096062
2022-10-17,9.57,9.63,9.67,9.49,1024823
2022-10-18,9.7,9.63,9.79,9.61,946837
2022-10-19,9.57,9.44,9.64,9.43,923990
2022-10-20,9.38,9.35,9.46,9.31,781923
2022-10-21,9.36,9.24,9.4,9.22,785574
2022-10-24,9.24,8.77,9.25,8.76,1383391
2022-10-25,8.85,8.8,8.96,8.75,1316979
2022-10-26,8.79,8.81,8.88,8.76,1143830
2022-10-27,8.85,8.83,8.92,8.81,957383
2022-10-28,8.78,8.57,8.85,8.56,1057947
2022-10-31,8.48,8.49,8.6,8.37,983096
2022-11-01,8.53,8.82,8.83,8.51,1381234
2022-11-02,8.76,8.78,8.83,8.63,1302988
2022-11-03,8.69,8.59,8.72,8.53,983536
2022-11-04,8.55,8.97,9.0,8.54,1776112
2022-11-07,8.96,9.03,9.06,8.88,988082
2022-11-08,9.04,9.0,9.07,8.93,583222
2022-11-09,8.99,9.04,9.23,8.97,832107
2022-11-10,8.94,9.02,9.05,8.84,552021
2022-11-11,9.28,9.58,9.81,9.16,2545071
2022-11-14,9.85,10.1,10.43,9.85,3872084
2022-11-15,10.01,10.16,10.33,9.98,1573901
2022-11-16,10.12,9.97,10.2,9.94,1278693
2022-11-17,9.96,9.84,9.99,9.73,1091047
2022-11-18,9.89,9.74,9.93,9.72,868093
2022-11-21,9.63,9.61,9.65,9.37,1047737
2022-11-22,9.61,9.97,10.08,9.59,1491324
2022-11-23,9.93,9.97,10.2,9.87,1247657
2022-11-24,10.07,9.92,10.14,9.84,796719
2022-11-25,9.94,10.32,10.38,9.92,1760728
2022-11-28,10.05,9.96,10.07,9.84,1331563
2022-11-29,10.31,11.14,11.14,10.28,4749277
2022-11-30,11.05,11.18,11.49,10.97,3209628
2022-12-01,11.53,11.25,11.81,11.22,2002689
2022-12-02,11.29,11.05,11.3,10.84,1404203
2022-12-05,11.24,11.68,11.72,11.16,2287627
2022-12-06,11.49,11.58,11.81,11.4,1252579
2022-12-07,11.48,11.3,11.52,11.18,1377377
2022-12-08,11.3,11.51,11.67,11.27,1065723
2022-12-09,11.55,11.85,11.9,11.5,1615832
2022-12-12,11.73,11.26,11.73,11.21,1392584
2022-12-13,11.3,11.39,11.51,11.29,902285
2022-12-14,11.38,11.38,11.55,11.23,974061
2022-12-15,11.29,11.25,11.43,11.09,835349
2022-12-16,11.17,11.49,11.55,11.17,924252
2022-12-19,11.48,11.19,11.62,11.1,1030866
2022-12-20,11.12,10.91,11.23,10.82,896212
2022-12-21,11.0,11.04,11.14,10.89,614590
2022-12-22,11.15,11.1,11.3,11.05,672394
2022-12-23,11.0,11.13,11.21,10.95,564426
2022-12-26,11.14,10.92,11.19,10.86,797120
2022-12-27,11.02,11.26,11.37,11.02,886004
2022-12-28,11.31,11.29,11.53,11.15,791192
2022-12-29,11.22,11.18,11.28,11.0,666890
2022-12-30,11.19,11.31,11.43,11.11,818036
2023-01-03,11.35,11.92,12.0,11.2,2194128
2023-01-04,11.86,12.47,12.57,11.78,2189683
2023-01-05,12.55,12.63,12.89,12.52,1665425
2023-01-06,12.65,12.77,12.87,12.63,1195745
2023-01-09,12.9,12.95,13.03,12.67,1057659
2023-01-10,12.91,12.59,13.04,12.54,1269423
2023-01-11,12.6,12.82,12.93,12.54,830566
2023-01-12,12.92,12.82,12.92,12.68,625695
2023-01-13,12.82,13.1,13.1,12.7,949086
2023-01-16,13.1,13.23,13.43,13.0,1560040
2023-01-17,13.28,13.12,13.33,12.92,935835
2023-01-18,13.1,13.26,13.33,13.06,718434
2023-01-19,13.28,13.24,13.4,13.02,641875
2023-01-20,13.31,13.28,13.39,13.15,608590
2023-01-30,13.75,13.3,13.89,13.04,1374318
2023-01-31,13.39,13.14,13.66,13.11,1030498
2023-02-01,13.18,12.85,13.23,12.66,1653421
2023-02-02,12.89,12.75,12.93,12.42,1577900
2023-02-03,12.6,12.47,12.7,12.31,1246383
2023-02-06,12.25,12.15,12.28,12.01,1317610
2023-02-07,12.21,12.36,12.47,12.18,869460
2023-02-08,12.39,12.19,12.47,12.18,657893
2023-02-09,12.16,12.28,12.45,12.11,830350
2023-02-10,12.25,12.13,12.27,12.01,847284
2023-02-13,12.09,11.97,12.09,11.75,1800054
2023-02-14,12.0,12.11,12.13,11.95,909937
2023-02-15,12.1,11.82,12.11,11.77,1250244
2023-02-16,11.83,11.75,12.06,11.65,1279123
2023-02-17,11.78,11.58,11.87,11.58,918364
2023-02-20,11.65,12.3,12.3,11.64,2116191
2023-02-21,12.21,12.25,12.35,12.07,990495
2023-02-22,12.15,12.17,12.27,12.09,638922
2023-02-23,12.15,12.2,12.47,12.13,824491
2023-02-24,12.17,12.01,12.18,11.95,729989
2023-02-27,11.9,11.84,12.03,11.83,621462
2023-02-28,11.9,11.93,12.0,11.76,607936
2023-03-01,11.95,12.32,12.34,11.89,1223452
2023-03-02,12.28,12.39,12.59,12.21,1015877
2023-03-03,12.5,12.44,12.52,12.29,690954
2023-03-06,12.45,12.0,12.45,11.87,1455824
2023-03-07,12.0,11.84,12.25,11.8,1279266
2023-03-08,11.78,11.68,11.79,11.55,1096898
2023-03-09,11.69,11.35,11.73,11.28,1736065
2023-03-10,11.15,11.29,11.42,11.15,856996
2023-03-13,11.27,11.2,11.44,11.15,1000635
2023-03-14,11.14,11.02,11.15,10.88,1149076
2023-03-15,11.2,11.2,11.33,11.09,979364
2023-03-16,11.04,10.97,11.18,10.95,916792
2023-03-17,11.14,10.9,11.19,10.8,1556814
2023-03-20,10.91,10.72,11.0,10.7,1188816
2023-03-21,10.8,10.85,10.93,10.65,840743
2023-03-22,10.9,10.94,11.03,10.86,876691
2023-03-23,10.85,11.05,11.05,10.78,804306
2023-03-24,11.0,10.97,11.01,10.91,621519
2023-03-27,10.95,10.75,10.96,10.61,1008422
2023-03-28,10.81,10.79,10.88,10.7,673868
2023-03-29,10.88,10.68,10.89,10.65,596064
2023-03-30,10.7,10.83,10.86,10.56,824546
2023-03-31,10.84,10.68,10.92,10.66,865492
2023-04-03,10.7,10.82,10.84,10.61,740429
2023-04-04,10.79,10.8,10.87,10.74,647457
2023-04-06,10.75,10.73,10.76,10.65,563321
2023-04-07,10.72,10.77,10.84,10.65,607925
2023-04-10,10.79,10.83,10.85,10.73,640182
2023-04-11,10.85,10.69,10.87,10.67,777780
2023-04-12,10.73,10.63,10.74,10.6,909957
2023-04-13,10.56,10.71,10.82,10.45,1131591
2023-04-14,10.75,10.84,11.05,10.73,1297995
2023-04-17,10.81,11.08,11.09,10.75,1304213
2023-04-18,11.08,11.15,11.35,11.04,1538936
2023-04-19,11.17,11.0,11.22,10.98,1014378
2023-04-20,11.05,10.9,11.05,10.77,811788
2023-04-21,10.85,10.65,10.98,10.63,918668
2023-04-24,10.63,10.25,10.65,10.18,1467672
2023-04-25,10.29,10.43,10.52,10.27,1301901
2023-04-26,10.4,10.27,10.4,10.14,991260
2023-04-27,10.21,10.41,10.5,10.15,1004093
2023-04-28,10.41,10.7,10.93,10.37,1445254
2023-05-04,10.55,10.88,10.98,10.34,1478264
2023-05-05,10.93,11.06,11.26,10.9,1762189
2023-05-08,11.09,11.47,11.64,10.99,2630719
2023-05-09,11.55,11.31,11.75,11.28,2422534
2023-05-10,11.32,10.99,11.41,10.95,1237053
2023-05-11,11.1,11.0,11.27,10.95,903758
2023-05-12,10.97,10.77,11.02,10.76,885604
2023-05-15,10.83,10.98,11.0,10.6,928326
2023-05-16,10.95,10.77,11.07,10.72,998302
2023-05-17,10.73,10.64,10.79,10.59,754621
2023-05-18,10.72,10.64,10.79,10.58,687187
2023-05-19,10.58,10.49,10.59,10.47,688414
2023-05-22,10.46,10.53,10.6,10.46,549328
2023-05-23,10.53,10.36,10.56,10.36,694364
2023-05-24,10.35,10.16,10.36,10.16,824251
2023-05-25,10.14,10.08,10.15,9.96,882744
2023-05-26,10.08,10.25,10.28,9.99,511429
2023-05-29,10.26,10.13,10.28,10.1,566074
2023-05-30,10.13,10.02,10.14,9.95,763997
2023-05-31,9.97,9.75,9.99,9.73,1179587
2023-06-01,9.75,9.74,9.83,9.65,743023
2023-06-02,9.83,10.08,10.12,9.79,1221843
2023-06-05,10.03,10.06,10.15,9.97,521846
2023-06-06,10.06,9.99,10.24,9.97,833273
2023-06-07,10.04,10.09,10.22,10.03,643698
2023-06-08,10.11,10.27,10.35,10.01,869397
2023-06-09,10.21,10.03,10.24,10.0,1315285
2023-06-12,9.97,9.94,10.05,9.91,758747
2023-06-13,9.91,9.92,9.99,9.84,849988
2023-06-14,9.99,9.91,10.17,9.9,1069200
2023-06-15,9.93,10.05,10.07,9.83,925301
2023-06-16,10.05,10.07,10.11,10.01,842034
2023-06-19,10.07,9.89,10.07,9.85,953997
2023-06-20,9.88,9.8,9.9,9.79,544551
2023-06-21,9.8,9.79,9.92,9.78,616583
2023-06-26,9.74,9.62,9.74,9.59,676577
2023-06-27,9.64,9.72,9.76,9.61,461702
2023-06-28,9.72,9.74,9.77,9.66,365396
2023-06-29,9.73,9.62,9.73,9.61,485906
2023-06-30,9.62,9.67,9.75,9.59,519053
2023-07-03,9.68,9.93,9.97,9.67,885091
2023-07-04,9.9,9.84,9.93,9.76,616301
2023-07-05,9.8,9.78,9.84,9.74,423482
2023-07-06,9.74,9.68,9.78,9.65,597096
2023-07-07,9.64,9.64,9.71,9.62,484441
2023-07-10,9.69,9.64,9.72,9.61,495882
2023-07-11,9.66,9.65,9.7,9.63,570809
2023-07-12,9.67,9.68,9.8,9.66,736084
2023-07-13,9.76,9.87,9.91,9.71,1124230
2023-07-14,9.87,9.9,9.99,9.84,719147
2023-07-17,9.85,9.75,9.85,9.7,608343
2023-07-18,9.73,9.69,9.76,9.66,471966
2023-07-19,9.67,9.75,9.76,9.67,382196
2023-07-20,9.77,9.76,9.88,9.73,554070
2023-07-21,9.75,9.78,9.83,9.72,377103
2023-07-24,9.77,9.7,9.77,9.68,426852
2023-07-25,9.89,10.16,10.17,9.88,2032958
2023-07-26,10.09,10.11,10.18,10.0,751663
2023-07-27,10.12,10.19,10.31,10.09,1115196
2023-07-28,10.13,10.7,10.74,10.11,2347013
2023-07-31,10.74,10.76,10.94,10.67,1854952
2023-08-01,10.7,10.6,10.81,10.57,957735
2023-08-02,10.5,10.47,10.68,10.37,1115900
2023-08-03,10.43,10.77,10.81,10.39,1175848
2023-08-04,10.86,10.74,10.97,10.65,1303131
2023-08-07,10.65,10.6,10.69,10.56,646913
2023-08-08,10.56,10.54,10.65,10.44,725705
2023-08-09,10.5,10.61,10.64,10.49,577608
2023-08-10,10.59,10.6,10.65,10.5,475595
2023-08-11,10.61,10.33,10.71,10.33,943539
2023-08-14,10.2,10.11,10.22,10.03,975920
2023-08-15,10.13,10.17,10.24,10.04,712813
2023-08-16,10.11,10.17,10.29,10.05,572904
2023-08-17,10.11,10.01,10.14,9.9,965058
2023-08-18,10.02,10.0,10.18,9.97,659819
2023-08-21,10.0,9.76,10.02,9.76,701498
2023-08-22,9.82,9.81,9.89,9.75,606808
2023-08-23,9.79,9.69,9.86,9.68,691810
2023-08-24,9.73,9.57,9.76,9.49,1291271
2023-08-25,9.54,9.67,9.77,9.52,845350
2023-08-28,10.28,9.96,10.37,9.93,1997610
2023-08-29,9.91,9.75,9.93,9.57,1964961
2023-08-30,9.71,9.57,9.71,9.57,1375638
2023-08-31,9.58,9.57,9.66,9.56,806474
2023-09-01,9.63,9.76,9.8,9.63,1138705
2023-09-04,9.79,10.0,10.03,9.77,1410029
2023-09-05,9.94,9.83,9.95,9.8,804177
2023-09-06,9.77,9.87,9.9,9.74,634841
2023-09-07,9.84,9.77,9.88,9.76,540042
2023-09-08,9.72,9.71,9.76,9.67,479030
2023-09-11,9.74,9.78,9.84,9.71,654486
2023-09-12,9.79,9.72,9.79,9.69,495485
2023-09-13,9.73,9.69,9.76,9.65,490218
2023-09-14,9.72,9.73,9.77,9.69,551650
2023-09-15,9.79,9.66,9.84,9.64,890476
2023-09-18,9.66,9.67,9.68,9.58,501325
2023-09-19,9.66,9.65,9.67,9.6,503664
2023-09-20,9.64,9.59,9.66,9.59,558872
2023-09-21,9.58,9.49,9.58,9.48,843930
2023-09-22,9.47,9.68,9.69,9.47,911484
2023-09-25,9.68,9.66,9.76,9.63,761211
2023-09-26,9.66,9.6,9.7,9.58,444980
2023-09-27,9.59,9.61,9.66,9.59,490311
2023-09-28,9.63,9.64,9.68,9.62,520697
2023-10-09,9.6,9.55,9.61,9.5,695828
2023-10-10,9.63,9.46,9.64,9.46,820749
2023-10-11,9.53,9.42,9.53,9.4,724116
2023-10-12,9.55,9.55,9.6,9.48,853058
2023-10-13,9.47,9.44,9.51,9.39,684483
2023-10-16,9.44,9.45,9.47,9.39,501624
2023-10-17,9.45,9.46,9.49,9.4,493525
2023-10-18,9.43,9.39,9.46,9.35,651825
2023-10-19,9.35,9.04,9.36,9.03,1188961
2023-10-20,8.99,9.04,9.11,8.95,526139
2023-10-23,9.03,8.94,9.04,8.87,530404
2023-10-24,8.98,8.99,9.05,8.88,760653
2023-10-25,8.95,8.82,8.98,8.8,1411450
2023-10-26,8.75,8.85,8.86,8.74,599991
2023-10-27,8.82,8.89,8.92,8.77,919771
2023-10-30,8.84,8.89,8.91,8.79,805690
2023-10-31,8.87,8.9,8.93,8.85,652855
2023-11-01,8.99,8.92,9.0,8.89,567300
2023-11-02,8.94,8.92,9.04,8.91,619430
2023-11-03,8.93,8.92,8.96,8.87,705463
2023-11-06,8.95,9.13,9.13,8.95,1007062
2023-11-07,9.1,9.04,9.1,9.02,640866
2023-11-08,9.02,8.94,9.04,8.89,877819
2023-11-09,8.9,8.93,8.96,8.87,639136
2023-11-10,8.89,8.74,8.91,8.73,1045044
2023-11-13,8.75,8.69,8.77,8.66,770043
2023-11-14,8.68,8.71,8.77,8.67,596859
2023-11-15,8.81,8.81,8.89,8.78,1109140
2023-11-16,8.82,8.68,8.83,8.67,922622
2023-11-17,8.66,8.59,8.69,8.56,903362
2023-11-20,8.59,8.63,8.66,8.54,639528
2023-11-21,8.67,8.72,8.79,8.66,1041166
2023-11-22,8.7,8.6,8.75,8.58,737490
2023-11-23,8.59,8.59,8.6,8.51,846656
2023-11-24,8.55,8.54,8.57,8.52,684695
2023-11-27,8.53,8.45,8.53,8.41,836188
2023-11-28,8.43,8.39,8.46,8.39,786175
2023-11-29,8.39,8.16,8.41,8.14,1467597
2023-11-30,8.13,8.12,8.17,8.06,901765
2023-12-01,8.09,8.1,8.12,8.02,778057
2023-12-04,8.11,8.07,8.12,8.05,605438
2023-12-05,8.05,7.92,8.06,7.91,787378
2023-12-06,7.88,7.94,8.01,7.84,753056
2023-12-07,7.93,7.88,7.93,7.82,585380
2023-12-08,7.85,7.74,7.89,7.74,1021152
2023-12-11,7.66,7.79,7.82,7.57,1133663
2023-12-12,7.75,7.86,7.94,7.74,855016
2023-12-13,7.82,7.6,7.83,7.59,1061302
2023-12-14,7.65,7.59,7.72,7.59,742901
2023-12-15,7.64,7.65,7.79,7.63,988939
2023-12-18,7.62,7.57,7.68,7.53,654426
2023-12-19,7.56,7.54,7.61,7.51,644071
2023-12-20,7.55,7.47,7.59,7.47,715634
2023-12-21,7.45,7.61,7.63,7.43,1017047
2023-12-22,7.63,7.64,7.72,7.55,1005645
2023-12-25,7.62,7.63,7.64,7.58,413971
2023-12-26,7.63,7.54,7.64,7.51,541896
2023-12-27,7.54,7.56,7.57,7.46,641534
2023-12-28,7.55,7.89,7.91,7.52,1661592
2023-12-29,7.86,7.83,7.92,7.79,853853
2024-01-02,7.83,7.65,7.86,7.65,1158366
2024-01-03,7.63,7.64,7.66,7.59,733610
2024-01-04,7.63,7.55,7.63,7.52,864194
2024-01-05,7.54,7.71,7.88,7.51,1991622
2024-01-08,7.67,7.59,7.74,7.55,1121156
2024-01-09,7.6,7.62,7.63,7.53,766194
2024-01-10,7.6,7.53,7.63,7.53,858621
2024-01-11,7.52,7.61,7.66,7.47,934686
2024-01-12,7.57,7.63,7.71,7.55,772582
2024-01-15,7.6,7.65,7.73,7.57,745133
2024-01-16,7.63,7.78,7.79,7.6,1438313
2024-01-17,7.77,7.67,7.83,7.67,1482296
2024-01-18,7.65,7.64,7.68,7.44,1755132
2024-01-19,7.6,7.61,7.64,7.54,963981
2024-01-22,7.6,7.54,7.7,7.48,1580320
2024-01-23,7.49,7.6,7.62,7.4,1135545
2024-01-24,7.67,7.77,7.78,7.51,1759123
2024-01-25,7.77,7.94,7.98,7.71,2162514
2024-01-26,7.91,8.06,8.11,7.88,2272287
2024-01-29,8.13,8.14,8.32,8.02,2376252
2024-01-30,8.05,7.94,8.14,7.93,1579122
2024-01-31,7.9,7.9,8.0,7.82,1357217
2024-02-01,7.85,7.85,7.92,7.78,1055260
2024-02-02,7.86,7.71,7.91,7.51,1634214
2024-02-05,7.63,7.82,7.87,7.55,1803592
2024-02-06,7.74,8.12,8.12,7.73,1995410
2024-02-07,8.06,8.05,8.11,7.92,2062015
2024-02-08,8.02,8.11,8.11,7.96,1656814
2024-02-19,8.2,8.25,8.25,8.09,1605243
2024-02-20,8.23,8.26,8.28,8.17,1123564
2024-02-21,8.22,9.24,9.24,8.21,5055285
2024-02-22,9.09,9.34,9.35,9.06,4922325
2024-02-23,9.32,9.29,9.68,9.28,3567480
2024-02-26,9.22,8.97,9.32,8.94,2862609
2024-02-27,8.93,8.94,9.04,8.9,1981905
2024-02-28,8.95,8.93,9.14,8.84,3082693
2024-02-29,8.86,9.03,9.03,8.85,1845344
2024-03-01,9.03,8.93,9.04,8.87,1828103
2024-03-04,8.89,8.77,8.94,8.76,1655930
2024-03-05,8.74,8.87,8.91,8.7,1817319
2024-03-06,8.84,8.77,8.89,8.77,1345640
2024-03-07,8.77,8.82,9.08,8.77,2016166
2024-03-08,8.79,8.82,8.88,8.74,1113974
2024-03-11,8.82,8.91,8.91,8.78,1210673
2024-03-12,8.92,9.0,9.03,8.85,1641262
2024-03-13,8.97,8.77,8.99,8.74,1768039
2024-03-14,8.74,8.67,8.82,8.64,1409400
2024-03-15,8.99,9.04,9.19,8.94,3750208
2024-03-18,9.0,8.98,9.05,8.93,1671397
2024-03-19,8.97,8.84,8.98,8.83,1293216
2024-03-20,8.82,8.89,8.91,8.81,872663
2024-03-21,8.89,8.91,8.96,8.86,864466
2024-03-22,8.89,8.8,8.89,8.75,1028142
2024-03-25,8.79,8.84,8.93,8.76,953202
2024-03-26,8.89,9.04,9.1,8.86,1740021
2024-03-27,9.0,8.97,9.07,8.95,1274136
2024-03-28,8.95,8.93,9.01,8.82,1302189
2024-03-29,8.89,8.96,9.01,8.87,872759
2024-04-01,8.96,9.08,9.09,8.95,1191088
2024-04-02,9.07,8.99,9.12,8.97,1085458
2024-04-03,8.97,8.9,8.99,8.86,981846
2024-04-08,8.86,8.87,8.93,8.81,906361
2024-04-09,8.87,8.84,8.91,8.8,857157
2024-04-10,8.82,8.72,8.85,8.71,1246391
2024-04-11,8.68,8.69,8.73,8.56,1010213
2024-04-12,8.66,8.5,8.71,8.48,1305454
2024-04-15,8.51,8.73,8.76,8.5,1453203
2024-04-16,8.72,8.72,8.83,8.66,1478036
2024-04-17,8.7,9.06,9.07,8.65,2232641
2024-04-18,9.02,9.24,9.47,9.0,3165914
2024-04-19,9.15,9.13,9.26,9.1,1457675
2024-04-22,9.08,8.94,9.25,8.89,2009818
2024-04-23,8.95,8.98,9.09,8.9,1240027
2024-04-24,8.96,8.97,9.01,8.9,941568
2024-04-25,8.94,9.05,9.06,8.92,1113812
2024-04-26,9.03,9.04,9.11,8.92,1607628
2024-04-29,9.0,9.25,9.34,8.96,2169177
2024-04-30,9.24,9.23,9.32,9.17,1324557
2024-05-06,9.4,9.33,9.55,9.28,1784101
2024-05-07,9.31,9.32,9.33,9.2,1087057
2024-05-08,9.28,9.17,9.32,9.15,1221791
2024-05-09,9.15,9.2,9.26,9.15,1069461
2024-05-10,9.21,9.38,9.4,9.2,1767836
2024-05-13,9.34,9.41,9.45,9.25,1402499
2024-05-14,9.44,9.35,9.5,9.32,1075784
2024-05-15,9.34,9.27,9.36,9.25,868297
2024-05-16,9.29,9.61,9.65,9.27,3076292
2024-05-17,9.62,9.86,9.86,9.57,2841749
2024-05-20,9.87,9.82,9.97,9.75,2170210
2024-05-21,9.76,9.99,10.06,9.75,2030049
2024-05-22,10.0,10.0,10.18,9.9,2115531
2024-05-23,9.97,9.84,10.03,9.81,1841623
2024-05-24,9.81,9.75,9.93,9.74,1398276
2024-05-27,9.75,9.95,9.97,9.75,1454361
2024-05-28,9.94,9.84,10.02,9.8,1204323
2024-05-29,9.82,9.7,9.89,9.67,1444811
2024-05-30,9.68,9.56,9.78,9.5,1325496
2024-05-31,9.58,9.55,9.63,9.55,826707
2024-06-03,9.56,9.42,9.57,9.35,1326697
2024-06-04,9.39,9.46,9.49,9.35,981005
2024-06-05,9.48,9.31,9.51,9.31,1018968
2024-06-06,9.34,9.34,9.42,9.32,1049332
2024-06-07,9.36,9.43,9.45,9.33,1170126
2024-06-11,9.42,9.31,9.46,9.23,1337629
2024-06-12,9.29,9.32,9.35,9.22,957426
2024-06-13,9.33,9.24,9.37,9.24,1203508
2024-06-14,9.31,9.34,9.39,9.15,1637990
2024-06-17,9.29,9.26,9.32,9.24,681217
2024-06-18,9.27,9.24,9.32,9.2,700653
2024-06-19,9.26,9.31,9.37,9.24,796184
2024-06-20,9.32,9.21,9.33,9.21,629628
2024-06-21,9.21,9.16,9.25,9.11,830545
2024-06-24,9.13,9.14,9.23,9.04,947082
2024-06-25,9.15,9.24,9.29,9.14,769993
2024-06-26,9.22,9.24,9.29,9.18,628599
2024-06-27,9.22,9.29,9.37,9.16,928882
2024-06-28,9.26,9.31,9.42,9.25,918090
2024-07-01,9.25,9.51,9.51,9.2,1343051
2024-07-02,9.46,9.56,9.64,9.44,1384386
2024-07-03,9.56,9.47,9.59,9.45,713067
2024-07-04,9.46,9.42,9.54,9.41,735044
2024-07-05,9.42,9.13,9.45,9.08,1713354
2024-07-08,9.1,9.09,9.18,9.01,868660
2024-07-09,9.1,9.23,9.26,9.07,1032485
2024-07-10,9.23,9.3,9.36,9.21,873865
2024-07-11,9.37,9.29,9.39,9.23,721392
2024-07-12,9.28,9.47,9.47,9.28,1214164
2024-07-15,9.47,9.49,9.51,9.42,869412
2024-07-16,9.49,9.46,9.53,9.4,943008
2024-07-17,9.46,9.56,9.58,9.44,1220168
2024-07-18,9.54,9.57,9.59,9.46,1087061
2024-07-19,9.54,9.53,9.58,9.45,898723
2024-07-22,9.52,9.39,9.54,9.35,994481
2024-07-23,9.41,9.34,9.49,9.32,1020154
2024-07-24,9.34,9.29,9.4,9.28,724518
2024-07-25,9.28,9.25,9.31,9.16,856404
2024-07-26,9.26,9.19,9.28,9.13,929552
2024-07-29,9.18,9.27,9.3,9.13,781552
2024-07-30,9.26,9.24,9.29,9.19,613268
2024-07-31,9.24,9.43,9.44,9.23,1096906
2024-08-01,9.41,9.43,9.48,9.33,733884
2024-08-02,9.38,9.3,9.41,9.29,590229
2024-08-05,9.27,9.21,9.38,9.21,758979
2024-08-06,9.23,9.09,9.28,9.05,1265537
2024-08-07,9.11,9.09,9.14,9.07,517608
2024-08-08,9.08,9.1,9.14,9.06,500411
2024-08-09,9.12,9.2,9.26,9.1,730274
2024-08-12,9.18,9.17,9.21,9.14,353013
2024-08-13,9.18,9.11,9.19,9.08,622077
2024-08-14,9.1,9.08,9.14,9.07,436380
2024-08-15,9.08,9.19,9.22,9.03,776247
2024-08-16,9.24,9.29,9.37,9.21,1260368
2024-08-19,9.29,9.45,9.46,9.28,1482985
2024-08-20,9.48,9.5,9.59,9.44,1569187
2024-08-21,9.46,9.51,9.54,9.37,1034888
2024-08-22,9.5,9.54,9.61,9.48,1109030
2024-08-23,9.55,9.63,9.66,9.48,1071906
2024-08-26,9.66,9.65,9.71,9.58,740675
2024-08-27,9.63,9.59,9.68,9.53,723137
2024-08-28,9.57,9.49,9.59,9.44,942548
2024-08-29,9.47,9.29,9.54,9.27,1197676
2024-08-30,9.27,9.32,9.42,9.27,1294059
2024-09-02,9.28,9.27,9.37,9.25,968836
2024-09-03,9.27,9.24,9.29,9.16,916581
2024-09-04,9.21,9.18,9.31,9.16,847992
2024-09-05,9.19,9.23,9.24,9.14,594209
2024-09-06,9.22,9.24,9.37,9.21,878865
2024-09-09,9.21,9.01,9.23,9.0,1639175
2024-09-10,9.02,9.06,9.08,8.94,767901
2024-09-11,9.04,8.81,9.04,8.79,1108727
2024-09-12,8.81,8.9,8.93,8.77,581834
2024-09-13,8.89,8.86,8.98,8.86,566462
2024-09-18,8.88,8.93,8.94,8.82,443611
2024-09-19,8.95,8.97,9.0,8.84,684293
2024-09-20,8.97,9.06,9.06,8.94,797297
2024-09-23,9.05,9.2,9.25,9.03,896908
2024-09-24,9.27,9.53,9.53,9.24,1638213
2024-09-25,9.68,9.66,9.86,9.61,2160694
2024-09-26,9.66,10.31,10.31,9.66,3086457
2024-09-27,10.51,10.58,10.72,10.19,3840016
2024-09-30,10.78,11.37,11.46,10.72,5430284
2024-10-08,12.59,12.04,12.59,11.5,5888978
2024-10-09,11.79,10.84,11.79,10.82,4269345
2024-10-10,11.02,11.38,11.66,11.0,3426422
2024-10-11,11.4,11.12,11.57,10.98,2070891
2024-10-14,11.38,11.42,11.58,11.19,2400595
2024-10-15,11.34,11.3,11.63,11.28,2072841
2024-10-16,11.2,11.46,11.58,11.17,1914494
2024-10-17,11.47,11.35,11.63,11.33,1653708
2024-10-18,11.31,11.44,11.58,11.08,2604654
2024-10-21,11.34,11.21,11.34,11.03,2806655
2024-10-22,11.16,11.19,11.33,11.12,1617787
2024-10-23,11.22,11.26,11.29,11.15,1511866
2024-10-24,11.21,11.15,11.26,11.12,885299
2024-10-25,11.17,11.11,11.18,11.09,1105755
2024-10-28,11.08,11.04,11.08,10.93,1169487
2024-10-29,11.02,10.94,11.14,10.93,1198025
2024-10-30,10.9,10.72,10.98,10.67,1482403
2024-10-31,10.73,10.78,10.84,10.64,1250205
2024-11-01,10.78,10.83,10.95,10.74,1589811
2024-11-04,10.83,10.86,10.86,10.66,1131516
2024-11-05,10.82,11.05,11.06,10.79,1665418
2024-11-06,11.02,10.95,11.04,10.87,1462286
2024-11-07,10.9,11.31,11.33,10.88,2242844
2024-11-08,11.34,11.12,11.41,11.1,1895104
2024-11-11,11.03,11.0,11.08,10.87,1486952
2024-11-12,10.98,10.94,11.24,10.91,1717663
2024-11-13,10.9,11.01,11.1,10.88,1086263
2024-11-14,10.99,10.94,11.1,10.93,1159783
2024-11-15,10.9,10.84,11.01,10.82,1215784
2024-11-18,11.03,11.15,11.44,11.02,3797324
2024-11-19,11.15,11.08,11.36,10.95,2430037
2024-11-20,11.07,11.04,11.15,11.01,1286572
2024-11-21,11.02,10.99,11.05,10.96,883408
2024-11-22,10.99,10.68,11.01,10.68,1625317
2024-11-25,10.68,10.58,10.74,10.54,1166020
2024-11-26,10.58,10.67,10.71,10.54,831078
2024-11-27,10.64,10.79,10.79,10.55,895178
2024-11-28,10.79,10.74,10.82,10.72,733169
2024-11-29,10.77,10.78,10.86,10.74,1028488
2024-12-02,10.79,10.79,10.8,10.71,975434
2024-12-03,10.77,10.89,10.9,10.75,1082559
2024-12-04,10.84,10.86,10.93,10.77,1007471
2024-12-05,10.84,10.84,10.9,10.81,687109
2024-12-06,10.84,11.06,11.1,10.83,1726269
2024-12-09,11.03,11.07,11.12,10.99,964063
2024-12-10,11.3,11.19,11.35,11.15,2167807
2024-12-11,11.19,11.13,11.23,11.12,967691
2024-12-12,11.13,11.25,11.27,11.11,986235
2024-12-13,11.19,10.96,11.2,10.96,1343793
2024-12-16,10.96,10.97,11.06,10.93,805718
2024-12-17,10.97,10.93,11.05,10.92,802120
2024-12-18,10.98,11.05,11.14,10.97,1016590
2024-12-19,10.99,10.99,11.04,10.94,697379
2024-12-20,10.99,11.02,11.1,10.98,714646
2024-12-23,11.04,11.13,11.24,11.04,1659405
2024-12-24,11.12,11.26,11.27,11.12,1350837
2024-12-25,11.26,11.32,11.42,11.24,1475283
2024-12-26,11.32,11.26,11.33,11.18,1000075
2024-12-27,11.27,11.23,11.3,11.06,1290012
2024-12-30,11.18,11.35,11.37,11.18,1351846
2024-12-31,11.33,11.1,11.39,11.1,1475367
2025-01-02,11.13,10.83,11.17,10.79,1819597
2025-01-03,10.84,10.78,10.94,10.76,1154680
2025-01-06,10.78,10.84,10.88,10.62,1085536
2025-01-07,10.82,10.91,10.93,10.77,747863
2025-01-08,10.9,10.9,11.03,10.8,1062386
2025-01-09,10.9,10.8,10.9,10.75,751483
2025-01-10,10.8,10.7,10.86,10.68,798134
2025-01-13,10.65,10.6,10.66,10.48,934966
2025-01-14,10.6,10.78,10.8,10.59,824629
2025-01-15,10.78,10.88,10.98,10.76,1031631
2025-01-16,10.95,10.97,10.99,10.87,872964
2025-01-17,10.93,10.85,10.95,10.82,689765
2025-01-20,10.9,10.82,10.92,10.8,832029
2025-01-21,10.85,10.73,10.85,10.72,902069
2025-01-22,10.72,10.49,10.73,10.48,1347129
2025-01-23,10.57,10.72,10.8,10.57,1514920
2025-01-24,10.72,10.74,10.79,10.62,944944
2025-01-27,10.78,10.87,10.95,10.78,1151935
2025-02-05,10.9,10.77,10.92,10.73,843434
2025-02-06,10.75,10.76,10.85,10.7,955603
2025-02-07,10.76,10.78,10.85,10.71,1407493
2025-02-10,10.78,10.83,10.9,10.76,1026591
2025-02-11,10.8,10.82,10.87,10.77,844520
2025-02-12,10.81,10.82,10.83,10.74,988807
2025-02-13,10.82,10.9,10.95,10.8,1358639
2025-02-14,10.89,10.95,10.95,10.83,973058
2025-02-17,11.0,11.18,11.2,10.95,2061965
2025-02-18,11.16,11.21,11.36,11.16,1996610
2025-02-19,11.2,11.11,11.21,11.08,1177749
2025-02-20,11.11,11.06,11.16,11.05,784396
2025-02-21,11.09,11.04,11.11,10.95,973969
2025-02-24,11.03,10.99,11.09,10.96,949956
2025-02-25,10.96,10.87,10.98,10.86,917156
2025-02-26,10.87,10.92,11.0,10.87,841646
2025-02-27,10.93,11.02,11.03,10.86,977310
2025-02-28,10.98,10.93,11.08,10.9,949088
2025-03-03,10.92,10.91,10.96,10.85,830457
2025-03-04,10.87,10.91,10.95,10.84,683179
2025-03-05,10.92,11.06,11.07,10.88,1080645
2025-03-06,11.09,11.03,11.1,11.0,877408
2025-03-07,11.03,11.07,11.09,11.0,835537
2025-03-10,11.06,10.99,11.07,10.95,663834
2025-03-11,10.94,11.01,11.01,10.92,608975
2025-03-12,11.0,11.25,11.27,10.96,1877318
2025-03-13,11.21,11.24,11.31,11.18,1312371
2025-03-14,11.22,11.37,11.4,11.22,1722418
2025-03-17,11.03,10.9,11.07,10.86,4603612
2025-03-18,10.92,10.89,10.94,10.88,1605290
2025-03-19,10.88,10.92,10.93,10.86,1362455
2025-03-20,10.91,10.89,11.01,10.89,1101157
2025-03-21,10.89,10.82,10.92,10.79,1376389
2025-03-24,10.81,10.78,10.84,10.74,1164577
2025-03-25,10.78,10.83,10.83,10.76,735609
2025-03-26,10.82,10.78,10.83,10.77,740863
2025-03-27,10.77,10.79,10.81,10.75,553349
2025-03-28,10.79,10.75,10.8,10.74,644946
2025-03-31,10.76,10.66,10.78,10.66,1116126
2025-04-01,10.67,10.67,10.7,10.62,681470
2025-04-02,10.65,10.77,10.81,10.65,932642
2025-04-03,10.71,10.74,10.79,10.7,643914
2025-04-07,10.4,10.1,10.45,9.88,2545560
2025-04-08,10.08,10.22,10.25,10.06,1463988
2025-04-09,10.13,10.2,10.23,10.06,1064394
2025-04-10,10.26,10.3,10.33,10.22,866548
2025-04-11,10.27,10.29,10.3,10.23,583879
2025-04-14,10.35,10.33,10.44,10.32,785993
2025-04-15,10.32,10.35,10.37,10.3,722754
2025-04-16,10.33,10.4,10.41,10.31,842822
2025-04-17,10.35,10.46,10.48,10.33,823919
2025-04-18,10.44,10.58,10.59,10.43,727098
2025-04-21,10.4,10.42,10.53,10.37,1114184
2025-04-22,10.42,10.44,10.46,10.38,831129
2025-04-23,10.44,10.41,10.45,10.37,586383
2025-04-24,10.4,10.43,10.46,10.39,689256
2025-04-25,10.44,10.41,10.45,10.39,637547
2025-04-28,10.4,10.4,10.44,10.36,642018
2025-04-29,10.4,10.38,10.42,10.35,649045
2025-04-30,10.36,10.31,10.37,10.29,869835
2025-05-06,10.32,10.36,10.4,10.29,854671
2025-05-07,10.41,10.43,10.44,10.37,1126270
2025-05-08,10.4,10.48,10.48,10.39,1056614
2025-05-09,10.47,10.55,10.57,10.46,999897
2025-05-12,10.56,10.56,10.62,10.53,895605
2025-05-13,10.59,10.69,10.73,10.55,1261031
2025-05-14,10.69,10.83,10.87,10.65,1683514
2025-05-15,10.83,10.79,10.9,10.78,1035460
2025-05-16,10.77,10.78,10.83,10.71,914744
2025-05-19,10.8,10.77,10.87,10.76,831391
2025-05-20,10.8,10.79,10.87,10.77,643635
2025-05-21,10.8,10.88,10.99,10.79,1328278
2025-05-22,10.85,10.95,10.96,10.84,1002968
2025-05-23,10.95,10.86,11.0,10.83,962643
2025-05-26,10.84,10.82,10.9,10.8,699159
2025-05-27,10.85,10.89,10.94,10.82,801915
2025-05-28,10.9,10.93,10.95,10.84,658179
2025-05-29,10.92,10.86,10.95,10.85,919807
2025-05-30,10.87,10.96,10.98,10.84,1130849
2025-06-03,10.94,11.21,11.31,10.93,2192480
2025-06-04,11.22,11.24,11.28,11.18,1167960
2025-06-05,11.28,11.07,11.31,11.06,1166803
2025-06-06,11.1,11.1,11.19,11.08,682353
2025-06-09,11.13,11.11,11.15,11.05,773255
2025-06-10,11.12,11.21,11.29,11.11,1428132
2025-06-11,11.22,11.25,11.33,11.19,1094667
2025-06-12,11.32,11.44,11.46,11.28,1290220
2025-06-13,11.44,11.34,11.5,11.32,1095494
2025-06-16,11.33,11.55,11.55,11.29,1174438
2025-06-17,11.55,11.52,11.64,11.47,890027
2025-06-18,11.54,11.53,11.57,11.42,683521
2025-06-19,11.52,11.46,11.54,11.41,832247
2025-06-20,11.46,11.6,11.62,11.43,1309198
2025-06-23,11.57,11.69,11.73,11.43,1389170
2025-06-24,11.66,11.69,11.77,11.6,1308525
2025-06-25,11.69,11.82,11.84,11.59,1675116
2025-06-26,11.81,12.17,12.24,11.77,2174578
2025-06-27,12.13,11.96,12.34,11.89,2377600
2025-06-30,11.9,11.83,11.93,11.72,1504820
2025-07-01,11.82,12.06,12.09,11.82,1354341
2025-07-02,12.07,12.08,12.17,11.99,1200412
2025-07-03,12.09,12.11,12.18,12.04,794086
2025-07-04,12.11,12.36,12.48,12.06,1775333
2025-07-07,12.36,12.54,12.58,12.36,1495407
2025-07-08,12.51,12.45,12.6,12.41,1090986
2025-07-09,12.42,12.6,12.66,12.42,1205963
2025-07-10,12.58,12.94,13.09,12.55,2481416
2025-07-11,12.95,12.67,13.06,12.65,2443744
2025-07-14,12.63,12.74,12.93,12.62,1872896
2025-07-15,12.75,12.49,12.8,12.47,1810531
2025-07-16,12.49,12.4,12.52,12.26,1927864
2025-07-17,12.37,12.35,12.46,12.3,944641
2025-07-18,12.38,12.46,12.51,12.36,1241206
2025-07-21,12.4,12.37,12.47,12.31,1079027
2025-07-22,12.36,12.25,12.36,12.08,1935229
2025-07-23,12.22,12.29,12.39,12.21,1370520
2025-07-24,12.29,12.11,12.29,12.09,1959351
2025-07-25,12.09,12.11,12.22,12.08,1108267
2025-07-28,12.11,12.22,12.29,12.08,1238243
2025-07-29,12.22,12.1,12.27,12.1,1012818
2025-07-30,12.11,12.25,12.4,12.1,1715164
2025-07-31,12.27,11.99,12.31,11.98,1690081
2025-08-01,12.0,12.04,12.09,11.91,1012187
2025-08-04,12.0,12.06,12.14,11.97,1032690
2025-08-05,12.06,12.23,12.26,12.04,1132078
2025-08-06,12.23,12.22,12.28,12.16,690448
2025-08-07,12.2,12.23,12.29,12.15,722053
2025-08-08,12.24,12.16,12.29,12.15,829796
2025-08-11,12.16,12.06,12.18,12.03,934353
2025-08-12,12.06,12.09,12.16,12.06,680056
2025-08-13,12.13,12.02,12.16,11.99,1119813
2025-08-14,12.03,11.96,12.1,11.95,1241041
2025-08-15,11.99,11.84,11.99,11.7,1948503
2025-08-18,11.82,11.84,11.91,11.79,1239058
2025-08-19,11.86,11.82,11.88,11.78,892860
2025-08-20,11.82,11.83,11.88,11.74,1048739
2025-08-21,11.81,11.91,11.95,11.79,1217418
2025-08-22,11.91,11.82,11.93,11.74,1644260
2025-08-25,11.88,12.21,12.29,11.86,3045088
2025-08-26,12.21,12.12,12.26,12.06,1383599
2025-08-27,12.08,11.82,12.12,11.81,1860050
2025-08-28,11.85,11.84,11.9,11.73,1653588
2025-08-29,11.81,11.81,11.98,11.79,1805126
2025-09-01,11.81,11.65,11.81,11.61,1858459
2025-09-02,11.61,11.74,11.75,11.6,1492716
2025-09-03,11.74,11.51,11.77,11.5,1367232
2025-09-04,11.52,11.5,11.53,11.36,1295300
2025-09-05,11.49,11.48,11.5,11.39,819662
2025-09-08,11.47,11.46,11.54,11.43,924431
2025-09-09,11.47,11.51,11.54,11.44,860539
2025-09-10,11.5,11.53,11.55,11.47,792668
2025-09-11,11.53,11.61,11.61,11.47,963932
2025-09-12,11.59,11.48,11.64,11.46,940385
2025-09-15,11.46,11.41,11.48,11.39,840387
2025-09-16,11.42,11.4,11.47,11.37,708048
2025-09-17,11.4,11.4,11.43,11.34,771129
2025-09-18,11.41,11.17,11.42,11.14,1386160
2025-09-19,11.17,11.21,11.27,11.13,834651
2025-09-22,11.2,11.14,11.23,11.13,596402
2025-09-23,11.13,11.28,11.34,11.08,1341430
2025-09-24,11.27,11.22,11.38,11.19,1139583
2025-09-25,11.19,11.16,11.23,11.12,773276
2025-09-26,11.15,11.16,11.2,11.08,753239
2025-09-29,11.16,11.13,11.24,11.03,1176012
2025-09-30,11.13,11.1,11.13,11.05,832479
2025-10-09,11.09,11.16,11.17,11.03,1047469
2025-10-10,11.13,11.19,11.25,11.12,1087948
2025-10-13,11.08,11.16,11.22,11.04,1168802
2025-10-14,11.15,11.33,11.36,11.12,1843428
2025-10-15,11.34,11.4,11.42,11.26,1271061
2025-10-16,11.38,11.54,11.55,11.36,1261937
2025-10-17,11.5,11.4,11.58,11.38,1039666
2025-10-20,11.41,11.42,11.45,11.27,952641
2025-10-21,11.4,11.43,11.47,11.39,761165
2025-10-22,11.4,11.52,11.54,11.4,833703
2025-10-23,11.52,11.63,11.71,11.5,1373112
2025-10-24,11.6,11.56,11.68,11.55,980475
2025-10-27,11.54,11.52,11.61,11.44,1239485
2025-10-28,11.53,11.47,11.58,11.42,821568
2025-10-29,11.46,11.39,11.46,11.36,966214
2025-10-30,11.38,11.38,11.47,11.36,943770
2025-10-31,11.38,11.32,11.4,11.3,970193
2025-11-03,11.34,11.43,11.44,11.3,952326
2025-11-04,11.42,11.59,11.64,11.4,1503007
2025-11-05,11.59,11.52,11.6,11.5,794926
2025-11-06,11.5,11.51,11.58,11.47,766585
2025-11-07,11.52,11.55,11.58,11.5,734851
2025-11-10,11.52,11.63,11.64,11.45,827208
2025-11-11,11.62,11.67,11.69,11.57,886509
2025-11-12,11.7,11.68,11.79,11.65,1141325
2025-11-13,11.68,11.7,11.72,11.57,978991
2025-11-14,11.67,11.75,11.84,11.66,1316995
2025-11-17,11.75,11.67,11.75,11.62,995233
2025-11-18,11.65,11.59,11.69,11.57,670077
2025-11-19,11.58,11.8,11.83,11.57,1334996
2025-11-20,11.79,11.85,11.99,11.74,1637040
2025-11-21,11.8,11.69,11.88,11.66,1465359
2025-11-24,11.7,11.6,11.73,11.6,1117119
2025-11-25,11.61,11.8,11.8,11.58,1028081
2025-11-26,11.81,11.69,11.85,11.65,821301
2025-11-27,11.66,11.71,11.71,11.58,1011847
2025-11-28,11.67,11.61,11.68,11.58,884358
2025-12-01,11.6,11.69,11.7,11.53,1037323
2025-12-02,11.68,11.64,11.73,11.59,768060
2025-12-03,11.64,11.55,11.7,11.54,944601
2025-12-04,11.55,11.49,11.58,11.46,886090
2025-12-05,11.49,11.53,11.54,11.4,890766
2025-12-08,11.49,11.52,11.6,11.48,855899
2025-12-09,11.52,11.43,11.54,11.43,733957
2025-12-10,11.44,11.33,11.46,11.29,1044065
2025-12-11,11.35,11.37,11.39,11.3,925261
2025-12-12,11.37,11.35,11.43,11.3,1191895
2025-12-15,11.34,11.51,11.54,11.33,940833
2025-12-16,11.49,11.48,11.55,11.44,647351
2025-12-17,11.47,11.53,11.58,11.42,701495
2025-12-18,11.51,11.64,11.65,11.48,790467
2025-12-19,11.63,11.62,11.65,11.58,649886
2025-12-22,11.61,11.52,11.61,11.51,742369
2025-12-23,11.52,11.56,11.6,11.5,666266
2025-12-24,11.55,11.54,11.58,11.49,505244
2025-12-25,11.54,11.56,11.62,11.52,547455
2025-12-26,11.56,11.54,11.59,11.53,436340
2025-12-29,11.54,11.56,11.62,11.5,648295
2025-12-30,11.53,11.48,11.56,11.45,582584
2025-12-31,11.48,11.41,11.49,11.4,590620
2026-01-05,11.42,11.5,11.51,11.41,875491
2026-01-06,11.5,11.67,11.68,11.48,1304648
2026-01-07,11.66,11.64,11.82,11.62,966236
2026-01-08,11.64,11.51,11.65,11.49,1100085
2026-01-09,11.53,11.46,11.53,11.44,983390
2026-01-12,11.45,11.48,11.49,11.42,855213
2026-01-13,11.48,11.47,11.54,11.44,1061541
2026-01-14,11.47,11.36,11.47,11.35,1274757
2026-01-15,11.33,11.31,11.37,11.3,884960
2026-01-16,11.34,11.19,11.34,11.16,1119473
2026-01-19,11.15,11.12,11.21,11.11,804741
2026-01-20,11.12,11.16,11.2,11.11,772276
2026-01-21,11.15,11.07,11.18,11.06,900125
2026-01-22,11.07,11.07,11.15,11.05,788635
2026-01-23,11.07,10.99,11.09,10.98,1109994
2026-01-26,10.98,10.96,11.06,10.92,1106247
2026-01-27,10.96,10.94,11.03,10.93,894091
2026-01-28,10.94,10.84,10.99,10.82,1438766
2026-01-29,10.84,10.96,10.98,10.66,1852994
2026-01-30,10.94,10.83,11.03,10.83,1091755
2026-02-02,10.82,10.86,11.03,10.8,1223173
2026-02-03,10.89,10.84,10.9,10.77,806628
2026-02-04,10.85,10.97,10.98,10.84,695415
2026-02-05,10.98,11.09,11.11,10.96,1177591
2026-02-06,11.08,11.05,11.14,10.99,727710
2026-02-09,11.05,11.07,11.11,11.01,619717
2026-02-10,11.07,11.06,11.1,11.02,600430
2026-02-11,11.06,11.07,11.09,11.02,431041
2026-02-12,11.07,10.96,11.08,10.93,681340
2026-02-13,10.96,10.91,10.99,10.9,555047
2026-02-24,10.93,10.91,10.95,10.88,602512
2026-02-25,10.91,10.86,10.95,10.78,1063135
2026-02-26,10.86,10.87,10.91,10.8,712730
2026-02-27,10.86,10.9,10.92,10.84,612228
2026-03-02,10.85,10.85,10.89,10.77,838874
2026-03-03,10.85,10.88,10.95,10.8,1028695
2026-03-04,10.84,10.71,10.84,10.67,1089714
2026-03-05,10.72,10.81,10.84,10.7,712641
2026-03-06,10.78,10.82,10.84,10.77,476577
2026-03-09,10.79,10.76,10.82,10.74,835892
2026-03-10,10.77,10.81,10.81,10.73,790112
2026-03-11,10.79,10.89,10.9,10.77,720535
2026-03-12,10.87,10.94,10.96,10.85,754906
2026-03-13,10.93,10.93,11.0,10.87,841939
2026-03-16,10.93,10.92,10.97,10.88,715603
2026-03-17,10.91,11.03,11.07,10.9,1076657
2026-03-18,11.04,10.96,11.04,10.91,791079
2026-03-19,10.92,10.88,10.97,10.86,624212
2026-03-20,10.87,10.77,10.94,10.76,834083
2026-03-23,10.68,10.45,10.68,10.43,1580088
2026-03-24,10.52,10.88,10.89,10.52,1622251
2026-03-25,10.89,10.94,10.95,10.79,744780
2026-03-26,10.91,10.94,11.05,10.9,827664
2026-03-27,10.91,11.02,11.05,10.83,884129
2026-03-30,10.98,10.99,11.05,10.94,632522
2026-03-31,11.0,11.08,11.18,10.99,1164565
2026-04-01,11.09,11.15,11.23,11.08,918925
2026-04-02,11.15,11.27,11.32,11.13,1148895
2026-04-03,11.28,11.12,11.28,11.09,757757
2026-04-07,11.12,11.03,11.14,10.97,607955
2026-04-08,11.11,11.22,11.22,11.05,812976
2026-04-09,11.17,11.1,11.22,11.06,602365
2026-04-10,11.1,11.09,11.13,11.07,481047
2026-04-13,11.05,11.07,11.09,11.03,406104
2026-04-14,11.07,11.17,11.17,11.07,496151
2026-04-15,11.16,11.21,11.22,11.15,503938
2026-04-16,11.2,11.09,11.23,11.07,680915
2026-04-17,11.09,11.01,11.11,10.99,722530
2026-04-20,11.01,11.06,11.07,10.96,630034
2026-04-21,11.04,11.08,11.16,11.03,806946
2026-04-22,11.08,10.98,11.09,10.95,839054
2026-04-23,10.98,11.0,11.03,10.93,648067
2026-04-24,10.98,11.0,11.03,10.92,582710
2026-04-27,11.33,11.38,11.57,11.29,3401276
2026-04-28,11.36,11.46,11.46,11.32,1674259
2026-04-29,11.43,11.52,11.54,11.39,1378423
2026-04-30,11.5,11.49,11.6,11.46,1139242
2026-05-06,11.5,11.36,11.5,11.3,1216388
2026-05-07,11.37,11.37,11.39,11.3,936958
2026-05-08,11.34,11.3,11.42,11.3,798820
2026-05-11,11.29,11.28,11.31,11.16,931865
2026-05-12,11.28,11.25,11.36,11.21,1029038
2026-05-13,11.25,11.14,11.28,11.11,1017974
2026-05-14,11.14,11.05,11.15,11.05,794368
